SST,Curr_Speed,Curr_Dir,WD_Speed,WD_Dir,Presence,Month_Apr,Month_Aug,Month_Dec,Month_Feb,Month_Jan,Month_Jul,Month_Jun,Month_Mar,Month_May,Month_Nov,Month_Oct,Month_Sep
20.07049797,0.097561322262558,20.75575086,1.3894702411698356,213.1131456,1,0.0,0.0,0.0,0.0,0.0,0.0,0.0,0.0,0.0,0.0,1.0,0.0
20.46739118,0.1496194053777136,355.2273609,1.0749432926118654,356.9445439,1,0.0,0.0,0.0,0.0,0.0,0.0,0.0,0.0,0.0,0.0,1.0,0.0
19.97711133,0.2852947227488849,4.134671374,2.25606517358772,36.1557455,1,0.0,0.0,0.0,0.0,0.0,0.0,0.0,0.0,0.0,0.0,1.0,0.0
19.73586251,0.2078618230325721,18.72214331,1.5613386013207315,208.3020977,1,0.0,0.0,0.0,0.0,0.0,0.0,0.0,0.0,0.0,1.0,0.0,0.0
20.22614236,0.0430337582864912,65.3914972,0.967626492500002,152.9442047,1,0.0,0.0,0.0,0.0,0.0,0.0,0.0,0.0,0.0,1.0,0.0,0.0
20.56856004,0.0861056110741717,41.69813433,1.917357538323268,170.0769204,1,0.0,0.0,0.0,0.0,0.0,0.0,0.0,0.0,0.0,1.0,0.0,0.0
20.76311554,0.0556208456653794,152.3411289,1.5265299652126678,116.7225077,1,0.0,0.0,0.0,0.0,0.0,0.0,0.0,0.0,0.0,1.0,0.0,0.0
20.91875994,0.0903907949023895,6.483073693,1.7645722943820246,67.8035127,1,0.0,0.0,0.0,0.0,0.0,0.0,0.0,0.0,0.0,1.0,0.0,0.0
21.43238645,0.1848241077994054,1.378279154,1.916461247975844,32.01220413,1,0.0,0.0,1.0,0.0,0.0,0.0,0.0,0.0,0.0,0.0,0.0,0.0
21.58024863,0.0691621690219816,71.87392031,1.3449961915275286,169.1849621,1,0.0,0.0,1.0,0.0,0.0,0.0,0.0,0.0,0.0,0.0,0.0,0.0
22.08609292,0.3298329135841598,12.49483021,2.0008854156419105,33.13683054,1,0.0,0.0,1.0,0.0,0.0,0.0,0.0,0.0,0.0,0.0,0.0,0.0
21.54911975,0.2843141751973248,356.0621305,2.270571230029653,24.30177134,1,0.0,0.0,1.0,0.0,0.0,0.0,0.0,0.0,0.0,0.0,0.0,0.0
23.09778151,0.1062080615892816,102.105656,2.0743723012640323,148.0048433,1,0.0,0.0,0.0,0.0,1.0,0.0,0.0,0.0,0.0,0.0,0.0,0.0
22.97326599,0.1771553716770967,21.71764379,1.7678833336712432,98.3212034,1,0.0,0.0,0.0,0.0,1.0,0.0,0.0,0.0,0.0,0.0,0.0,0.0
22.4674217,0.1017906804716012,347.6658945,1.52624315734113,33.76476863,1,0.0,0.0,0.0,0.0,1.0,0.0,0.0,0.0,0.0,0.0,0.0,0.0
23.9538257,0.1188866735351075,95.13172836,1.638122494792696,153.088622,1,0.0,0.0,0.0,0.0,1.0,0.0,0.0,0.0,0.0,0.0,0.0,0.0
23.45576363,0.1138344984334011,331.7483577,1.816730083009913,16.8823371,1,0.0,0.0,0.0,0.0,1.0,0.0,0.0,0.0,0.0,0.0,0.0,0.0
23.73592354,0.1810232752243691,346.0278696,2.213765898778037,21.56853565,1,0.0,0.0,0.0,0.0,1.0,0.0,0.0,0.0,0.0,0.0,0.0,0.0
22.87987935,0.2973206074244373,352.962678,2.412308448510295,21.31324059,1,0.0,0.0,0.0,0.0,1.0,0.0,0.0,0.0,0.0,0.0,0.0,0.0
23.51802139,0.3205559468229866,12.68941214,1.4359743511815732,32.11399131,1,0.0,0.0,0.0,0.0,1.0,0.0,0.0,0.0,0.0,0.0,0.0,0.0
24.15616342,0.167841866896628,42.42815939,1.5226125693390926,125.2836123,1,0.0,0.0,0.0,1.0,0.0,0.0,0.0,0.0,0.0,0.0,0.0,0.0
24.84099877,0.2533189634128169,41.91057172,2.055703257385823,133.3735963,1,0.0,0.0,0.0,1.0,0.0,0.0,0.0,0.0,0.0,0.0,0.0,0.0
23.86043906,0.3797046366927875,5.650317502,2.072559288461932,64.89549936,1,0.0,0.0,0.0,1.0,0.0,0.0,0.0,0.0,0.0,0.0,0.0,0.0
24.87212765,0.2995887349743019,29.00598244,2.2544937264336817,144.9757388,1,0.0,0.0,0.0,1.0,0.0,0.0,0.0,0.0,0.0,0.0,0.0,0.0
24.98107873,0.2943961256684461,18.61263463,2.027669770735369,101.9620514,1,0.0,0.0,0.0,0.0,0.0,0.0,0.0,1.0,0.0,0.0,0.0,0.0
24.68535437,0.2130926554605515,15.19700286,1.4999356622896054,121.3239177,1,0.0,0.0,0.0,0.0,0.0,0.0,0.0,1.0,0.0,0.0,0.0,0.0
24.63087883,0.1562441869112748,27.16619549,1.27100375518461,108.6557407,1,0.0,0.0,0.0,0.0,0.0,0.0,0.0,1.0,0.0,0.0,0.0,0.0
24.93438541,0.167532337589694,165.6614683,2.41344230619262,197.9525476,1,0.0,0.0,0.0,0.0,0.0,0.0,0.0,1.0,0.0,0.0,0.0,0.0
23.70479466,0.0214177830139631,68.49856568,2.178266825918546,150.6261588,1,0.0,0.0,0.0,0.0,0.0,0.0,0.0,1.0,0.0,0.0,0.0,0.0
23.7981813,0.1280058688713595,18.23249108,1.3623855869041892,15.99830058,1,0.0,0.0,0.0,0.0,0.0,0.0,0.0,1.0,0.0,0.0,0.0,0.0
21.14444431,0.2985584748633344,16.51150038,1.922071318053978,66.83330669,1,0.0,0.0,0.0,0.0,0.0,0.0,0.0,0.0,1.0,0.0,0.0,0.0
20.96545326,0.3142829487580035,14.01327463,2.354153969820268,30.69656703,1,0.0,0.0,0.0,0.0,0.0,0.0,0.0,0.0,1.0,0.0,0.0,0.0
19.93820023,0.0834995894590757,132.0170618,2.2883371540641515,149.0882386,1,0.0,0.0,0.0,0.0,0.0,0.0,1.0,0.0,0.0,0.0,0.0,0.0
20.28840012,0.2679153830748264,16.14865474,1.1666982193641222,266.9960782,1,0.0,0.0,0.0,0.0,0.0,0.0,1.0,0.0,0.0,0.0,0.0,0.0
19.05102716,0.152876190868268,8.713969104,1.8430269801748824,55.09536293,1,0.0,0.0,0.0,0.0,0.0,0.0,0.0,0.0,0.0,0.0,1.0,0.0
19.12884936,0.3037499880626491,0.0,1.9316238409948256,26.9947756,1,0.0,0.0,0.0,0.0,0.0,0.0,0.0,0.0,0.0,0.0,1.0,0.0
19.82924915,0.1454767858532404,56.52672628,2.5162612027812674,176.3664133,1,0.0,0.0,0.0,0.0,0.0,0.0,0.0,0.0,0.0,0.0,1.0,0.0
19.96154689,0.0937772627598397,40.21547031,1.341855287536733,152.7738276,1,0.0,0.0,0.0,0.0,0.0,0.0,0.0,0.0,0.0,1.0,0.0,0.0
20.84871996,0.3801296958663563,11.30251746,2.000632840255224,28.28732108,1,0.0,0.0,0.0,0.0,0.0,0.0,0.0,0.0,0.0,1.0,0.0,0.0
20.76311554,0.406596300735138,11.82942185,1.9788188029282143,31.3926921,1,0.0,0.0,0.0,0.0,0.0,0.0,0.0,0.0,0.0,1.0,0.0,0.0
22.44407504,0.2618579301480558,6.262782498,1.9662530189096048,39.13391185,1,0.0,0.0,0.0,0.0,1.0,0.0,0.0,0.0,0.0,0.0,0.0,0.0
22.68532386,0.2083852217452702,31.97338333,1.8825312145372315,183.4710651,1,0.0,0.0,0.0,0.0,1.0,0.0,0.0,0.0,0.0,0.0,0.0,0.0
22.72423496,0.2233980805189032,21.90518258,1.1855432439517786,141.1402341,1,0.0,0.0,0.0,0.0,1.0,0.0,0.0,0.0,0.0,0.0,0.0,0.0
23.38572365,0.2568802199307599,2.20948164,1.771978327631056,51.48575755,1,0.0,0.0,0.0,0.0,1.0,0.0,0.0,0.0,0.0,0.0,0.0,0.0
23.36237699,0.2034447659862662,16.17960254,1.392628063810949,60.78731916,1,0.0,0.0,0.0,1.0,0.0,0.0,0.0,0.0,0.0,0.0,0.0,0.0
23.26899035,0.1779431137197942,13.31763397,1.6833886573568404,62.97068659,1,0.0,0.0,0.0,1.0,0.0,0.0,0.0,0.0,0.0,0.0,0.0,0.0
23.33124811,0.2726152203492949,357.6001193,2.283491458081357,23.27641684,1,0.0,0.0,0.0,1.0,0.0,0.0,0.0,0.0,0.0,0.0,0.0,0.0
23.53358583,0.1927483211643511,25.0566477,1.0625435921536102,161.1041036,1,0.0,0.0,0.0,1.0,0.0,0.0,0.0,0.0,0.0,0.0,0.0,0.0
24.25733228,0.2212154625451035,16.4692506,1.8075710923979709,85.61813809,1,0.0,0.0,0.0,1.0,0.0,0.0,0.0,0.0,0.0,0.0,0.0,0.0
24.55305663,0.1460270563677639,30.69673419,1.1197404380519913,127.7735416,1,0.0,0.0,0.0,1.0,0.0,0.0,0.0,0.0,0.0,0.0,0.0,0.0
24.24955006,0.076827628533359,45.92903932,2.048641862065812,151.8547764,1,0.0,0.0,0.0,1.0,0.0,0.0,0.0,0.0,0.0,0.0,0.0,0.0
24.37406558,0.272122552509951,2.236979063,1.8738302208756483,27.31547585,1,0.0,0.0,0.0,1.0,0.0,0.0,0.0,0.0,0.0,0.0,0.0,0.0
24.3040256,0.2508938936463883,22.06329219,1.3254776544969755,113.5459193,1,0.0,0.0,0.0,0.0,0.0,0.0,0.0,1.0,0.0,0.0,0.0,0.0
22.82540381,0.0684087801388068,90.0,1.8467461159603304,155.8287785,1,1.0,0.0,0.0,0.0,0.0,0.0,0.0,0.0,0.0,0.0,0.0,0.0
18.99655162,0.0236949609550913,132.4208525,1.9103082520696577,165.910309,1,0.0,0.0,0.0,0.0,0.0,0.0,0.0,0.0,1.0,0.0,0.0,0.0
16.57628123,0.040237940794078,78.85711014,2.1706322087265653,175.5946617,1,0.0,0.0,0.0,0.0,0.0,0.0,0.0,0.0,0.0,0.0,0.0,1.0
16.37394351,0.2197109843913013,15.19270502,1.7494907684897707,111.8130716,1,0.0,0.0,0.0,0.0,0.0,0.0,0.0,0.0,0.0,0.0,0.0,1.0
16.59184567,0.3806353683496258,7.153109399,2.1945992784750867,15.84904011,1,0.0,0.0,0.0,0.0,0.0,0.0,0.0,0.0,0.0,0.0,0.0,1.0
17.01208554,0.2518184756721182,22.95805549,0.8383744339214805,110.3764352,1,0.0,0.0,0.0,0.0,0.0,0.0,0.0,0.0,0.0,0.0,0.0,1.0
17.20664104,0.175055313976489,20.54534773,1.906530463906654,217.6511553,1,0.0,0.0,0.0,0.0,0.0,0.0,0.0,0.0,0.0,0.0,0.0,1.0
17.10547218,0.2384316709894119,358.5711499,2.3629885214078468,19.15576663,1,0.0,0.0,0.0,0.0,0.0,0.0,0.0,0.0,0.0,0.0,0.0,1.0
17.82921863,0.2222837682066201,28.32454377,1.8485836153178747,157.1162988,1,0.0,0.0,0.0,0.0,0.0,0.0,0.0,0.0,0.0,0.0,0.0,1.0
19.25336488,0.0910375569553007,121.2469294,2.4672713827188795,153.2803464,1,0.0,0.0,0.0,0.0,0.0,0.0,0.0,0.0,0.0,0.0,1.0,0.0
18.93429386,0.3674332016973819,9.494692701,2.3736257934472293,41.77989652,1,0.0,0.0,0.0,0.0,0.0,0.0,0.0,0.0,0.0,0.0,1.0,0.0
18.47514288,0.0145206778190151,246.6444351,1.733615243340926,30.76337447,1,0.0,0.0,0.0,0.0,0.0,0.0,0.0,0.0,0.0,0.0,1.0,0.0
19.60356477,0.3048313444769054,352.5707073,2.344369882822115,26.12617437,1,0.0,0.0,0.0,0.0,0.0,0.0,0.0,0.0,0.0,1.0,0.0,0.0
19.58021811,0.2903205279149004,350.6144817,2.274688473706702,25.19975832,1,0.0,0.0,0.0,0.0,0.0,0.0,0.0,0.0,0.0,1.0,0.0,0.0
20.73198666,0.0674605269798887,78.39523764,1.918812184785358,129.9567513,1,0.0,0.0,1.0,0.0,0.0,0.0,0.0,0.0,0.0,0.0,0.0,0.0
20.89541328,0.2547756451307498,5.128960516,2.1482411756642903,28.64585462,1,0.0,0.0,1.0,0.0,0.0,0.0,0.0,0.0,0.0,0.0,0.0,0.0
20.73976888,0.1803069454933589,355.0379258,2.4153027371891613,27.08221796,1,0.0,0.0,1.0,0.0,0.0,0.0,0.0,0.0,0.0,0.0,0.0,0.0
20.85650218,0.0252982935188839,77.61924307,1.4370707046238549,126.683873,1,0.0,0.0,1.0,0.0,0.0,0.0,0.0,0.0,0.0,0.0,0.0,0.0
20.77089776,0.0788269279897601,345.3432489,2.035900249442569,38.63356351,1,0.0,0.0,1.0,0.0,0.0,0.0,0.0,0.0,0.0,0.0,0.0,0.0
21.46351533,0.2882736599293971,353.6020155,2.3173323985586296,29.58608078,1,0.0,0.0,1.0,0.0,0.0,0.0,0.0,0.0,0.0,0.0,0.0,0.0
21.22226651,0.26158174761179,349.4126787,2.3074445911835104,24.37435651,1,0.0,0.0,1.0,0.0,0.0,0.0,0.0,0.0,0.0,0.0,0.0,0.0
21.16779097,0.1114620281145647,346.0716581,1.996901781004468,20.88522521,1,0.0,0.0,1.0,0.0,0.0,0.0,0.0,0.0,0.0,0.0,0.0,0.0
21.51799087,0.1267609810246987,348.5378205,2.261357643371312,26.77464055,1,0.0,0.0,1.0,0.0,0.0,0.0,0.0,0.0,0.0,0.0,0.0,0.0
21.26117761,0.2133535678287153,344.5191816,2.4124524071618234,25.95103888,1,0.0,0.0,1.0,0.0,0.0,0.0,0.0,0.0,0.0,0.0,0.0,0.0
21.63472417,0.1804414964208162,341.3693123,2.1236583044882145,26.24327001,1,0.0,0.0,1.0,0.0,0.0,0.0,0.0,0.0,0.0,0.0,0.0,0.0
22.87987935,0.1040720441347898,337.0735467,2.1719318619146013,32.57495555,1,0.0,0.0,0.0,0.0,1.0,0.0,0.0,0.0,0.0,0.0,0.0,0.0
22.61528388,0.257905229268538,350.9285024,2.311496655504241,31.21712655,1,0.0,0.0,0.0,0.0,1.0,0.0,0.0,0.0,0.0,0.0,0.0,0.0
23.00439487,0.1459594675459227,340.3686302,1.894744658680933,37.15242674,1,0.0,0.0,0.0,0.0,1.0,0.0,0.0,0.0,0.0,0.0,0.0,0.0
22.77871049,0.1839949159472624,336.4945316,2.15168127172878,37.39003226,1,0.0,0.0,0.0,0.0,1.0,0.0,0.0,0.0,0.0,0.0,0.0,0.0
22.56859056,0.0758464173960441,92.21965555,2.137332555769345,170.7804551,1,0.0,0.0,0.0,0.0,1.0,0.0,0.0,0.0,0.0,0.0,0.0,0.0
23.79039908,0.0633818177265437,341.2270269,1.6041923802543303,49.62473509,1,0.0,0.0,0.0,0.0,1.0,0.0,0.0,0.0,0.0,0.0,0.0,0.0
23.44798141,0.2979268302541103,15.66165297,1.6450103218825012,41.17417528,1,0.0,0.0,0.0,1.0,0.0,0.0,0.0,0.0,0.0,0.0,0.0,0.0
23.9927368,0.3661989588826804,14.9568865,1.9293919672494169,40.92715564,1,0.0,0.0,0.0,1.0,0.0,0.0,0.0,0.0,0.0,0.0,0.0,0.0
23.10556373,0.3597317231252221,5.541804768,2.152067048649849,24.69084081,1,0.0,0.0,0.0,1.0,0.0,0.0,0.0,0.0,0.0,0.0,0.0,0.0
23.52580361,0.3892549275212032,8.29638748,2.2968421688278524,24.08700431,1,0.0,0.0,0.0,1.0,0.0,0.0,0.0,0.0,0.0,0.0,0.0,0.0
24.3818478,0.3122563385272848,19.50619621,1.3152833591303812,75.41942649,1,0.0,0.0,0.0,0.0,0.0,0.0,0.0,1.0,0.0,0.0,0.0,0.0
19.44013815,0.2824193335024001,10.01729165,1.8712993214140368,3.177571535,1,0.0,0.0,0.0,0.0,0.0,0.0,1.0,0.0,0.0,0.0,0.0,0.0
18.00042747,0.1542764930552993,134.7776372,2.438765721417434,153.572119,1,0.0,1.0,0.0,0.0,0.0,0.0,0.0,0.0,0.0,0.0,0.0,0.0
17.86034751,0.1358929142859977,30.48990796,1.9732839674830087,179.4820998,1,0.0,0.0,0.0,0.0,0.0,0.0,0.0,0.0,0.0,0.0,0.0,1.0
17.70470311,0.3145808630554264,1.371808502,2.417626665828395,32.120685,1,0.0,0.0,0.0,0.0,0.0,0.0,0.0,0.0,0.0,0.0,0.0,1.0
19.15997824,0.376721131865731,7.859841248,1.5325078967046792,40.6503397,1,0.0,0.0,0.0,0.0,0.0,0.0,0.0,0.0,0.0,0.0,1.0,0.0
19.34675151,0.3665439821808149,4.625888064,1.5438387927940571,26.45633066,1,0.0,0.0,0.0,0.0,0.0,0.0,0.0,0.0,0.0,0.0,1.0,0.0
19.46348481,0.2862885023839177,8.577716525,1.3724001160964,35.33447079,1,0.0,0.0,0.0,0.0,0.0,0.0,0.0,0.0,0.0,0.0,1.0,0.0
19.51796035,0.1488907692914295,27.88028444,1.210238779933541,153.2790616,1,0.0,0.0,0.0,0.0,0.0,0.0,0.0,0.0,0.0,1.0,0.0,0.0
20.50630228,0.2337747465642237,3.853823692,1.3417376771018126,38.13201751,1,0.0,0.0,0.0,0.0,0.0,0.0,0.0,0.0,0.0,1.0,0.0,0.0
20.53743116,0.2443656600814695,359.5578142,2.212263509237517,27.09403382,1,0.0,0.0,1.0,0.0,0.0,0.0,0.0,0.0,0.0,0.0,0.0,0.0
21.28452427,0.3024024074871816,0.346642665,2.3524642613164826,25.46705451,1,0.0,0.0,1.0,0.0,0.0,0.0,0.0,0.0,0.0,0.0,0.0,0.0
25.05890093,0.2432965101782954,35.80334411,1.6991541564038697,170.0684107,1,0.0,0.0,0.0,0.0,1.0,0.0,0.0,0.0,0.0,0.0,0.0,0.0
24.3040256,0.3268308286893024,358.1450978,2.404811843535134,26.35976205,1,0.0,0.0,0.0,1.0,0.0,0.0,0.0,0.0,0.0,0.0,0.0,0.0
23.05887041,0.2966504485728909,25.65926452,2.540757777371878,103.6987945,1,0.0,0.0,0.0,1.0,0.0,0.0,0.0,0.0,0.0,0.0,0.0,0.0
22.4674217,0.0422718508104866,55.07433273,1.5727691979683345,88.710916,1,0.0,0.0,0.0,0.0,0.0,0.0,0.0,1.0,0.0,0.0,0.0,0.0
22.07052848,0.0311733544610426,333.6819119,1.4601027833415825,251.7077552,1,0.0,0.0,0.0,0.0,0.0,0.0,0.0,1.0,0.0,0.0,0.0,0.0
22.0004885,0.0632373515459545,324.8982599,1.912658362000419,352.0892805,1,1.0,0.0,0.0,0.0,0.0,0.0,0.0,0.0,0.0,0.0,0.0,0.0
21.85262633,0.1192541539199747,333.3732077,2.258635813298453,7.121777103,1,1.0,0.0,0.0,0.0,0.0,0.0,0.0,0.0,0.0,0.0,0.0,0.0
21.33899981,0.127929331465581,187.8401831,1.518276187161,153.1822163,1,1.0,0.0,0.0,0.0,0.0,0.0,0.0,0.0,0.0,0.0,0.0,0.0
21.21448429,0.0710666114012469,170.4596182,1.8432287407473884,148.2950592,1,1.0,0.0,0.0,0.0,0.0,0.0,0.0,0.0,0.0,0.0,0.0,0.0
21.12887987,0.0355056496889284,33.28752769,1.099826766557863,15.33675983,1,1.0,0.0,0.0,0.0,0.0,0.0,0.0,0.0,0.0,0.0,0.0,0.0
21.05105767,0.0726649883388746,335.0952312,1.954954628872344,331.4867516,1,1.0,0.0,0.0,0.0,0.0,0.0,0.0,0.0,0.0,0.0,0.0,0.0
21.09775099,0.167374169122977,12.87232843,1.3166290931786733,5.389824938,1,1.0,0.0,0.0,0.0,0.0,0.0,0.0,0.0,0.0,0.0,0.0,0.0
22.5063328,0.1183642089646773,18.25892548,1.570139234993683,342.197101,1,1.0,0.0,0.0,0.0,0.0,0.0,0.0,0.0,0.0,0.0,0.0,0.0
20.35065788,0.3595712553764837,14.29106393,1.914241902877645,0.787122224,1,0.0,0.0,0.0,0.0,0.0,0.0,0.0,0.0,1.0,0.0,0.0,0.0
21.58024863,0.0691621690219816,71.87392031,1.3178833751261625,170.3269501,1,0.0,0.0,1.0,0.0,0.0,0.0,0.0,0.0,0.0,0.0,0.0,0.0
21.53355531,0.0616009873693651,50.65250349,1.0751568848192758,110.9043298,1,0.0,0.0,1.0,0.0,0.0,0.0,0.0,0.0,0.0,0.0,0.0,0.0
22.0783107,0.0733611061758921,110.9055693,1.3466392638955078,184.7789563,1,0.0,0.0,1.0,0.0,0.0,0.0,0.0,0.0,0.0,0.0,0.0,0.0
23.16782149,0.2581278025524654,359.8812524,1.978464371776549,31.96985095,1,0.0,0.0,0.0,0.0,1.0,0.0,0.0,0.0,0.0,0.0,0.0,0.0
22.87987935,0.2973206074244373,352.962678,2.329414316331992,22.36919364,1,0.0,0.0,0.0,0.0,1.0,0.0,0.0,0.0,0.0,0.0,0.0,0.0
23.55693249,0.3902199442208529,7.938409079,1.520540021750526,34.29785003,1,0.0,0.0,0.0,0.0,1.0,0.0,0.0,0.0,0.0,0.0,0.0,0.0
23.86043906,0.3797046366927875,5.650317502,2.023973601096252,66.46882716,1,0.0,0.0,0.0,1.0,0.0,0.0,0.0,0.0,0.0,0.0,0.0,0.0
24.87212765,0.2995887349743019,29.00598244,2.2218035616825285,147.1830153,1,0.0,0.0,0.0,1.0,0.0,0.0,0.0,0.0,0.0,0.0,0.0,0.0
24.88769209,0.3064929066131177,23.09616241,1.9790976027665803,133.9002456,1,0.0,0.0,0.0,1.0,0.0,0.0,0.0,0.0,0.0,0.0,0.0,0.0
23.70479466,0.0214177830139631,68.49856568,2.1443277195652963,151.6771189,1,0.0,0.0,0.0,0.0,0.0,0.0,0.0,1.0,0.0,0.0,0.0,0.0
23.8370924,0.3089009904522757,11.0351574,2.0831976236387995,68.89620354,1,0.0,0.0,0.0,0.0,0.0,0.0,0.0,1.0,0.0,0.0,0.0,0.0
24.00830124,0.2404910134319147,14.36382263,2.3141052459819256,58.77799174,1,0.0,0.0,0.0,0.0,0.0,0.0,0.0,1.0,0.0,0.0,0.0,0.0
23.9927368,0.1124052438876171,31.03937784,1.381750500151831,140.8126932,1,0.0,0.0,0.0,0.0,0.0,0.0,0.0,1.0,0.0,0.0,0.0,0.0
23.6425369,0.2847863441244775,20.83556491,1.5379188135772233,136.6456458,1,1.0,0.0,0.0,0.0,0.0,0.0,0.0,0.0,0.0,0.0,0.0,0.0
23.65810134,0.3711185394960986,16.33024841,1.2878109902658432,102.1126229,1,1.0,0.0,0.0,0.0,0.0,0.0,0.0,0.0,0.0,0.0,0.0,0.0
19.73586251,0.020513787107184,103.6269949,2.461694020939543,208.3012269,1,0.0,0.0,0.0,0.0,0.0,0.0,1.0,0.0,0.0,0.0,0.0,0.0
19.93820023,0.0834995894590757,132.0170618,2.221359669229152,152.7652093,1,0.0,0.0,0.0,0.0,0.0,0.0,1.0,0.0,0.0,0.0,0.0,0.0
20.04715131,0.1852163868939071,32.06914637,2.0740717902102506,137.3360689,1,0.0,0.0,0.0,0.0,0.0,0.0,1.0,0.0,0.0,0.0,0.0,0.0
20.2806179,0.1955934805560279,23.12419425,1.8616743003573504,178.3661674,1,0.0,0.0,0.0,0.0,0.0,0.0,1.0,0.0,0.0,0.0,0.0,0.0
19.38566261,0.2336879456767041,15.05121999,1.9184155173913748,314.2736265,1,0.0,0.0,0.0,0.0,0.0,1.0,0.0,0.0,0.0,0.0,0.0,0.0
18.87981832,0.2654572930421261,2.819323541,1.920917382158859,20.60549367,1,0.0,0.0,0.0,0.0,0.0,0.0,0.0,0.0,0.0,0.0,0.0,1.0
19.08215604,0.3837997241174833,3.590322602,2.339666466988468,29.52286311,1,0.0,0.0,0.0,0.0,0.0,0.0,0.0,0.0,0.0,0.0,1.0,0.0
20.66194668,0.2410235197210677,359.2942646,1.9775679168295872,20.12542674,1,0.0,0.0,0.0,0.0,0.0,0.0,0.0,0.0,0.0,0.0,1.0,0.0
20.26505346,0.2995863641191553,11.64372865,1.5437269374143496,85.23299302,1,0.0,0.0,0.0,0.0,0.0,0.0,0.0,0.0,0.0,1.0,0.0,0.0
20.87206662,0.1119785546477907,2.066476986,1.6902222093085333,51.12143621,1,0.0,0.0,1.0,0.0,0.0,0.0,0.0,0.0,0.0,0.0,0.0,0.0
22.2728662,0.0739057729985647,26.97284343,1.4072852199344053,53.80726872,1,0.0,0.0,1.0,0.0,0.0,0.0,0.0,0.0,0.0,0.0,0.0,0.0
22.17947956,0.1986949146192989,1.51162114,2.023759370642383,26.68698934,1,0.0,0.0,1.0,0.0,0.0,0.0,0.0,0.0,0.0,0.0,0.0,0.0
22.22617288,0.2329638428215394,357.8665687,1.8810618751112,21.87366138,1,0.0,0.0,1.0,0.0,0.0,0.0,0.0,0.0,0.0,0.0,0.0,0.0
23.28455479,0.2917469892217473,359.5870646,1.762005108126123,31.55785868,1,0.0,0.0,0.0,0.0,1.0,0.0,0.0,0.0,0.0,0.0,0.0,0.0
23.16782149,0.2730867693186338,3.510337447,1.8306535444255825,34.02584286,1,0.0,0.0,0.0,1.0,0.0,0.0,0.0,0.0,0.0,0.0,0.0,0.0
24.31959004,0.2268795589385564,9.101124285,1.593692234319516,51.64618621,1,0.0,0.0,0.0,1.0,0.0,0.0,0.0,0.0,0.0,0.0,0.0,0.0
24.55305663,0.1460270563677639,30.69673419,1.1385182144454895,133.4088597,1,0.0,0.0,0.0,1.0,0.0,0.0,0.0,0.0,0.0,0.0,0.0,0.0
24.27289672,0.0712201315674024,49.52717101,1.7053992105785003,139.5496347,1,0.0,0.0,0.0,1.0,0.0,0.0,0.0,0.0,0.0,0.0,0.0,0.0
24.24955006,0.1087567705495902,67.18111087,2.261579812928021,156.2454227,1,0.0,0.0,0.0,1.0,0.0,0.0,0.0,0.0,0.0,0.0,0.0,0.0
24.37406558,0.272122552509951,2.236979063,1.8298278980836271,29.17369318,1,0.0,0.0,0.0,1.0,0.0,0.0,0.0,0.0,0.0,0.0,0.0,0.0
23.84487462,0.2577786063904855,8.474898861,1.6589409338889634,25.23939613,1,0.0,0.0,0.0,0.0,0.0,0.0,0.0,1.0,0.0,0.0,0.0,0.0
23.97717236,0.1023506366130789,50.63068276,2.227207924936459,138.7708155,1,0.0,0.0,0.0,0.0,0.0,0.0,0.0,1.0,0.0,0.0,0.0,0.0
23.93047904,0.2273634422370155,17.67682586,1.9829728778794824,132.6414011,1,0.0,0.0,0.0,0.0,0.0,0.0,0.0,1.0,0.0,0.0,0.0,0.0
21.79815079,0.0382557053753227,230.0796079,1.374922503451064,11.20594751,1,1.0,0.0,0.0,0.0,0.0,0.0,0.0,0.0,0.0,0.0,0.0,0.0
16.57628123,0.040237940794078,78.85711014,2.1349093628493594,175.7939093,1,0.0,0.0,0.0,0.0,0.0,0.0,0.0,0.0,0.0,0.0,0.0,1.0
16.13269469,0.0583798368768145,48.70462744,1.8614638535075128,142.8307598,1,0.0,0.0,0.0,0.0,0.0,0.0,0.0,0.0,0.0,0.0,0.0,1.0
16.37394351,0.2197109843913013,15.19270502,1.7239260075086285,113.1879577,1,0.0,0.0,0.0,0.0,0.0,0.0,0.0,0.0,0.0,0.0,0.0,1.0
18.33506293,0.106473392280858,49.51687562,2.2843100072320133,185.0144444,1,0.0,0.0,0.0,0.0,0.0,0.0,0.0,0.0,0.0,0.0,0.0,1.0
19.13663158,0.1779733302775269,25.52123516,1.2283229858056617,167.1998409,1,0.0,0.0,0.0,0.0,0.0,0.0,0.0,0.0,0.0,0.0,1.0,0.0
19.05880938,0.068784170910501,54.94762612,2.070104324476576,133.6592797,1,0.0,0.0,0.0,0.0,0.0,0.0,0.0,0.0,0.0,0.0,1.0,0.0
20.92654216,0.0827575127915579,71.43687291,1.4145175298096286,147.6188289,1,0.0,0.0,1.0,0.0,0.0,0.0,0.0,0.0,0.0,0.0,0.0,0.0
22.40516394,0.1133510707707325,357.8141992,1.9054525680391048,31.12920865,1,0.0,0.0,0.0,0.0,1.0,0.0,0.0,0.0,0.0,0.0,0.0,0.0
22.10943958,0.1095485218047383,210.7565394,1.3494316832548676,59.37680564,1,0.0,0.0,0.0,0.0,1.0,0.0,0.0,0.0,0.0,0.0,0.0,0.0
22.25730176,0.1214152365542443,179.8645492,1.9025217220985733,208.9351639,1,0.0,0.0,0.0,0.0,1.0,0.0,0.0,0.0,0.0,0.0,0.0,0.0
23.79039908,0.0633818177265437,341.2270269,1.5899825631219404,52.95810086,1,0.0,0.0,0.0,0.0,1.0,0.0,0.0,0.0,0.0,0.0,0.0,0.0
23.9927368,0.3661989588826804,14.9568865,1.8314395771639047,43.34962949,1,0.0,0.0,0.0,1.0,0.0,0.0,0.0,0.0,0.0,0.0,0.0,0.0
23.93826126,0.3600971498066556,30.08511946,2.281140355390431,142.216599,1,0.0,0.0,0.0,1.0,0.0,0.0,0.0,0.0,0.0,0.0,0.0,0.0
25.42466526,0.3889069086394245,33.29218656,2.2264429706203974,148.7886133,1,0.0,0.0,0.0,1.0,0.0,0.0,0.0,0.0,0.0,0.0,0.0,0.0
24.66978993,0.3343826206078792,34.98480501,2.452294420888719,163.6346537,1,0.0,0.0,0.0,1.0,0.0,0.0,0.0,0.0,0.0,0.0,0.0,0.0
25.05111871,0.423209383810907,25.12516505,2.089106607838999,138.4828833,1,0.0,0.0,0.0,1.0,0.0,0.0,0.0,0.0,0.0,0.0,0.0,0.0
24.49858109,0.3325214439360514,12.28360616,2.000873067144589,27.34237292,1,0.0,0.0,0.0,0.0,0.0,0.0,0.0,1.0,0.0,0.0,0.0,0.0
19.42457371,0.0900189084129443,161.0954242,2.108018204620239,150.8782638,1,0.0,0.0,0.0,0.0,0.0,1.0,0.0,0.0,0.0,0.0,0.0,0.0
19.24558266,0.171604423764795,13.28865413,1.06608259590836,62.24328434,1,0.0,0.0,0.0,0.0,0.0,1.0,0.0,0.0,0.0,0.0,0.0,0.0
18.00042747,0.1542764930552993,134.7776372,2.4050709116670106,153.557425,1,0.0,1.0,0.0,0.0,0.0,0.0,0.0,0.0,0.0,0.0,0.0,0.0
19.15219602,0.2673691720734332,19.96848528,1.6410724014707994,140.2564149,1,0.0,0.0,0.0,0.0,0.0,0.0,0.0,0.0,0.0,0.0,1.0,0.0
19.03546272,0.2786329208520837,19.41588614,1.860989793654159,153.1584566,1,0.0,0.0,0.0,0.0,0.0,0.0,0.0,0.0,0.0,0.0,1.0,0.0
19.15997824,0.376721131865731,7.859841248,1.4980240036838597,43.1768772,1,0.0,0.0,0.0,0.0,0.0,0.0,0.0,0.0,0.0,0.0,1.0,0.0
19.44013815,0.310811654878395,19.05688017,1.1367940764278166,47.41810644,1,0.0,0.0,0.0,0.0,0.0,0.0,0.0,0.0,0.0,0.0,1.0,0.0
19.67360475,0.2578461492932819,7.751779154,1.8051703832380253,38.96708276,1,0.0,0.0,0.0,0.0,0.0,0.0,0.0,0.0,0.0,0.0,1.0,0.0
19.36231595,0.3393982409779583,0.778897658,2.3642343359657194,27.6038454,1,0.0,0.0,0.0,0.0,0.0,0.0,0.0,0.0,0.0,1.0,0.0,0.0
20.67751112,0.054117895144228,173.3820127,1.2695397999959654,101.3556685,1,0.0,0.0,1.0,0.0,0.0,0.0,0.0,0.0,0.0,0.0,0.0,0.0
20.56077782,0.1850337097465492,359.5698596,2.08195273100298,49.7018609,1,0.0,0.0,1.0,0.0,0.0,0.0,0.0,0.0,0.0,0.0,0.0,0.0
20.88763106,0.0771154069988832,24.51616114,1.2052629825879169,58.5764859,1,0.0,0.0,1.0,0.0,0.0,0.0,0.0,0.0,0.0,0.0,0.0,0.0
24.3040256,0.3268308286893024,358.1450978,2.3390288477148675,27.85753921,1,0.0,0.0,0.0,1.0,0.0,0.0,0.0,0.0,0.0,0.0,0.0,0.0
24.59974995,0.2454799001429419,341.7836604,2.045763171002595,28.25932926,1,0.0,0.0,0.0,1.0,0.0,0.0,0.0,0.0,0.0,0.0,0.0,0.0
22.67754164,0.1680528419697691,352.1401588,2.293931920451148,45.56222749,1,0.0,0.0,0.0,0.0,0.0,0.0,0.0,1.0,0.0,0.0,0.0,0.0
22.98104821,0.0302303941489337,221.7754774,1.9499059664189544,19.04940968,1,0.0,0.0,0.0,0.0,0.0,0.0,0.0,1.0,0.0,0.0,0.0,0.0
22.31955952,0.0415329925812193,34.14750914,1.6156348989879583,113.5509586,1,0.0,0.0,0.0,0.0,0.0,0.0,0.0,1.0,0.0,0.0,0.0,0.0
20.5529956,0.2198633581581162,30.25643716,2.011490940947108,161.7035169,1,0.0,0.0,0.0,0.0,0.0,0.0,0.0,0.0,1.0,0.0,0.0,0.0
21.30008871,0.1991956894481583,355.4735247,1.8027863471291223,23.58722059,1,0.0,0.0,1.0,0.0,0.0,0.0,0.0,0.0,0.0,0.0,0.0,0.0
23.16782149,0.2581278025524654,359.8812524,1.978464371776549,31.96985095,1,0.0,0.0,0.0,0.0,1.0,0.0,0.0,0.0,0.0,0.0,0.0,0.0
25.00442539,0.182193334407149,355.7086654,1.8981613606658525,18.21456553,1,0.0,0.0,0.0,1.0,0.0,0.0,0.0,0.0,0.0,0.0,0.0,0.0
24.91103875,0.2659330027851134,35.17070157,2.268485520092766,154.9175674,1,0.0,0.0,0.0,1.0,0.0,0.0,0.0,0.0,0.0,0.0,0.0,0.0
24.87212765,0.2995887349743019,29.00598244,2.2218035616825285,147.1830153,1,0.0,0.0,0.0,1.0,0.0,0.0,0.0,0.0,0.0,0.0,0.0,0.0
23.84487462,0.2507735229068558,15.71786569,2.1728914768469605,69.74011234,1,0.0,0.0,0.0,0.0,0.0,0.0,0.0,1.0,0.0,0.0,0.0,0.0
24.00830124,0.2404910134319147,14.36382263,2.3141052459819256,58.77799174,1,0.0,0.0,0.0,0.0,0.0,0.0,0.0,1.0,0.0,0.0,0.0,0.0
23.62697246,0.4281167736913286,12.56784961,0.9891704390191502,42.71937658,1,1.0,0.0,0.0,0.0,0.0,0.0,0.0,0.0,0.0,0.0,0.0,0.0
23.8760035,0.1796963213769388,25.33350082,1.6131582035612548,165.6485766,1,0.0,0.0,0.0,0.0,1.0,0.0,0.0,0.0,0.0,0.0,0.0,0.0
23.13669261,0.0888976790527456,150.0684882,2.0861222784040896,160.7723468,1,0.0,0.0,0.0,1.0,0.0,0.0,0.0,0.0,0.0,0.0,0.0,0.0
24.23398562,0.2616777688833097,8.626157315,1.1708985186472232,52.46616366,1,0.0,0.0,0.0,1.0,0.0,0.0,0.0,0.0,0.0,0.0,0.0,0.0
19.25336488,0.0910375569553007,121.2469294,2.4212587070788216,152.9861915,1,0.0,0.0,0.0,0.0,0.0,0.0,0.0,0.0,0.0,0.0,1.0,0.0
18.62300506,0.1075654274522506,334.192421,2.1226979632565013,23.55560214,1,0.0,0.0,0.0,0.0,0.0,0.0,0.0,0.0,0.0,0.0,1.0,0.0
19.37009817,0.1364556539266843,35.91306336,2.027805733904429,154.0772173,1,0.0,0.0,0.0,0.0,0.0,0.0,0.0,0.0,0.0,1.0,0.0,0.0
20.92654216,0.0827575127915579,71.43687291,1.4145175298096286,147.6188289,1,0.0,0.0,1.0,0.0,0.0,0.0,0.0,0.0,0.0,0.0,0.0,0.0
21.68141749,0.2249448975155199,4.510351439,1.3361548080220864,54.84888581,1,0.0,0.0,1.0,0.0,0.0,0.0,0.0,0.0,0.0,0.0,0.0,0.0
22.66975942,0.1309376100519895,333.1554594,1.3088728397590152,39.0737692,1,0.0,0.0,0.0,0.0,1.0,0.0,0.0,0.0,0.0,0.0,0.0,0.0
22.70867052,0.0650140377491247,340.906508,1.5910765960621265,28.27231857,1,0.0,0.0,0.0,0.0,1.0,0.0,0.0,0.0,0.0,0.0,0.0,0.0
24.63866105,0.3911555050127817,2.521286942,2.1017755427364584,25.22213683,1,0.0,0.0,0.0,0.0,1.0,0.0,0.0,0.0,0.0,0.0,0.0,0.0
23.9927368,0.3661989588826804,14.9568865,1.8314395771639047,43.34962949,1,0.0,0.0,0.0,1.0,0.0,0.0,0.0,0.0,0.0,0.0,0.0,0.0
19.30784042,0.2565728859929927,21.29074565,1.7223698869189128,172.2691809,1,0.0,0.0,0.0,0.0,0.0,0.0,0.0,0.0,0.0,0.0,1.0,0.0
21.11331543,0.1068456488014563,87.05241392,1.91759797730698,163.8498133,1,0.0,0.0,0.0,0.0,1.0,0.0,0.0,0.0,0.0,0.0,0.0,0.0
22.42072838,0.1442818426533901,175.4889671,1.906074759793088,140.6097656,1,0.0,0.0,0.0,0.0,1.0,0.0,0.0,0.0,0.0,0.0,0.0,0.0
24.80208767,0.2459186677564888,13.03222478,1.1906980389156534,41.54152843,1,0.0,0.0,0.0,0.0,1.0,0.0,0.0,0.0,0.0,0.0,0.0,0.0
25.05890093,0.2432965101782954,35.80334411,1.637013144039315,169.1954703,1,0.0,0.0,0.0,0.0,1.0,0.0,0.0,0.0,0.0,0.0,0.0,0.0
22.56859056,0.257429364005503,43.39950493,2.6741584755851484,109.6880232,1,0.0,0.0,0.0,1.0,0.0,0.0,0.0,0.0,0.0,0.0,0.0,0.0
22.70867052,0.1463468187586872,30.48804694,1.859404748765154,119.8848808,1,0.0,0.0,0.0,1.0,0.0,0.0,0.0,0.0,0.0,0.0,0.0,0.0
22.98104821,0.1271016352161711,45.72984306,1.692085992406548,190.3952064,1,0.0,0.0,0.0,1.0,0.0,0.0,0.0,0.0,0.0,0.0,0.0,0.0
23.19116815,0.1370816780214208,39.77509462,1.6381164318063626,172.1651291,1,0.0,0.0,0.0,1.0,0.0,0.0,0.0,0.0,0.0,0.0,0.0,0.0
23.01995931,0.0699353837160573,73.85566122,1.934575514673128,227.0228314,1,0.0,0.0,0.0,1.0,0.0,0.0,0.0,0.0,0.0,0.0,0.0,0.0
23.04330597,0.0708436187305658,156.7388595,1.6873559371819735,162.1327418,1,0.0,0.0,0.0,1.0,0.0,0.0,0.0,0.0,0.0,0.0,0.0,0.0
22.42072838,0.1408482477839032,143.0376153,2.231564225655773,176.4175088,1,0.0,0.0,0.0,0.0,0.0,0.0,0.0,1.0,0.0,0.0,0.0,0.0
20.79424442,0.0272229704841549,119.1161463,1.1452310376559771,212.8983663,1,1.0,0.0,0.0,0.0,0.0,0.0,0.0,0.0,0.0,0.0,0.0,0.0
20.80980886,0.0569558265983168,16.64209136,0.9224510166966416,347.8983663,1,1.0,0.0,0.0,0.0,0.0,0.0,0.0,0.0,0.0,0.0,0.0,0.0
21.75923969,0.2905568911976596,10.0079798,1.511755890875656,309.754226,1,1.0,0.0,0.0,0.0,0.0,0.0,0.0,0.0,0.0,0.0,0.0,0.0
21.83706189,0.1132578408333069,21.34110358,2.121670789913941,244.8205005,1,1.0,0.0,0.0,0.0,0.0,0.0,0.0,0.0,0.0,0.0,0.0,0.0
21.80593301,0.0695029028654991,37.93890603,0.8870447275422433,137.8458015,1,1.0,0.0,0.0,0.0,0.0,0.0,0.0,0.0,0.0,0.0,0.0,0.0
20.389488876072026,0.1527083725342751,8.385563239998493,2.080545417660889,109.45895430682434,0,0.0,0.0,0.0,0.0,0.0,0.0,1.0,0.0,0.0,0.0,1.0,0.0
24.89809009849509,0.2932065031680769,261.27398016857416,1.7277558886201736,244.11670259529868,0,0.0,0.0,0.0,0.0,0.0,0.0,0.0,0.0,0.0,0.0,0.0,0.0
20.069416069418853,0.1934050035867998,226.0454692752448,1.61742172951568,139.30879628009143,0,0.0,0.0,0.0,0.0,0.0,0.0,0.0,0.0,0.0,0.0,0.0,0.0
17.589793870917457,0.1350203817591995,89.66749246694765,0.5472287142093608,68.43983027664702,0,0.0,0.0,0.0,0.0,0.0,0.0,0.0,0.0,0.0,0.0,0.0,0.0
21.96273020557456,0.0639470804777234,25.3417271930556,2.524880090441298,276.0591401905399,0,0.0,0.0,0.0,0.0,0.0,0.0,0.0,1.0,0.0,0.0,0.0,0.0
19.480083988519244,0.0618625558822889,23.14490627723211,2.1826338991625223,17.54811018864573,0,0.0,0.0,0.0,0.0,0.0,0.0,0.0,0.0,0.0,0.0,0.0,0.0
23.800358327264732,0.0821681134614211,27.148393766126816,1.6517928738174663,285.115063961216,0,0.0,0.0,0.0,0.0,0.0,0.0,0.0,0.0,0.0,0.0,0.0,0.0
19.496004449128375,0.1255130260441917,115.48537474359463,2.051183719772164,183.65676902199095,0,0.0,0.0,0.0,0.0,1.0,0.0,0.0,0.0,0.0,0.0,0.0,0.0
23.00227167316965,0.182915765657029,360.0,2.3880370211990134,327.1644773042041,0,0.0,0.0,0.0,0.0,0.0,0.0,0.0,0.0,0.0,1.0,0.0,0.0
20.53454834480771,0.3016927242997547,29.779887336539776,2.27852528799386,249.6951715174596,0,0.0,0.0,0.0,0.0,0.0,0.0,0.0,0.0,0.0,0.0,0.0,0.0
18.376361789751048,0.048247384953596,39.71356720638664,1.7175468277498942,45.82001066516756,0,0.0,1.0,0.0,0.0,0.0,0.0,0.0,0.0,0.0,0.0,0.0,0.0
18.618883228520783,0.0103998441047509,32.41378128727318,1.8585495064984243,211.455935423708,0,0.0,0.0,0.0,0.0,0.0,0.0,0.0,0.0,0.0,0.0,0.0,0.0
25.32478671571472,0.0344461551580252,7.021255307509707,1.898320327526998,146.56198641086547,0,0.0,1.0,1.0,0.0,0.0,0.0,0.0,0.0,0.0,0.0,0.0,0.0
20.40775491486993,0.3135358230526809,227.47383917803683,1.6813898439003436,200.71542787928055,0,0.0,0.0,0.0,0.0,0.0,0.0,0.0,0.0,1.0,0.0,0.0,0.0
17.756695908595646,0.2513132642962903,39.64784856296803,2.2275272009668683,0.0,0,0.0,0.0,0.0,0.0,0.0,0.0,0.0,0.0,0.0,0.0,0.0,0.0
21.514957440180364,0.0085144805913235,39.6407064663665,1.5742704255405662,178.88942330709818,0,1.0,0.0,0.0,0.0,0.0,0.0,0.0,0.0,0.0,0.0,0.0,0.0
22.21744393551769,0.1346306239002984,30.681700230809973,2.1046860288896423,282.88900279790533,0,0.0,0.0,0.0,0.0,1.0,0.0,0.0,0.0,0.0,0.0,0.0,0.0
20.65953098316628,0.0772938821831248,44.36691224830454,2.1362510129162,10.844108710611518,0,0.0,0.0,0.0,0.0,0.0,0.0,0.0,0.0,1.0,0.0,0.0,0.0
24.40593479291834,0.0216872139215463,33.19176680431243,2.0289126987028183,269.76252576363646,0,0.0,0.0,0.0,0.0,0.0,0.0,0.0,0.0,0.0,0.0,0.0,0.0
16.976718226585465,0.2015184159229753,348.86743628333267,1.6682583659855346,162.32440597695387,0,1.0,0.0,0.0,0.0,0.0,0.0,0.0,0.0,0.0,0.0,0.0,0.0
22.175142039616,0.0549254564815191,81.80043020046682,1.7266060950038078,207.03494719277657,0,0.0,1.0,0.0,0.0,0.0,0.0,0.0,0.0,0.0,1.0,0.0,0.0
20.661693016310444,0.0671581171027537,106.88677326060184,1.7891135126710451,161.91709575849237,0,0.0,0.0,0.0,0.0,0.0,0.0,0.0,0.0,0.0,0.0,0.0,0.0
17.821513112335474,0.151455694950048,158.38129074572,2.358117309364097,163.99584554134543,0,0.0,0.0,0.0,0.0,0.0,0.0,0.0,0.0,0.0,0.0,0.0,0.0
20.316500611155444,0.1719551580981433,202.88636162061587,1.7648394130316634,28.80391548794012,0,1.0,0.0,0.0,0.0,0.0,0.0,0.0,0.0,0.0,0.0,0.0,0.0
23.913293405866003,0.2976224618288903,360.0,2.539245443674892,265.9030169982909,0,0.0,0.0,0.0,0.0,0.0,0.0,0.0,0.0,0.0,1.0,0.0,0.0
20.881882144180445,0.009774551599835,360.0,1.6878609032614396,202.87084954879865,0,0.0,0.0,0.0,0.0,0.0,0.0,0.0,0.0,0.0,0.0,0.0,1.0
18.409948692554917,0.3464402410365135,0.0,2.306992197290961,278.73641646284267,0,0.0,0.0,0.0,0.0,0.0,0.0,0.0,0.0,0.0,0.0,0.0,0.0
24.078766894063925,0.0071460279581518,110.71915299351174,0.9529382684759165,43.67799605192708,0,0.0,0.0,1.0,0.0,0.0,0.0,0.0,0.0,0.0,0.0,0.0,0.0
20.85693891785169,0.1017766501864797,99.62943352803984,0.9899390892863996,133.02655688260353,0,0.0,0.0,0.0,0.0,0.0,0.0,0.0,0.0,0.0,0.0,1.0,0.0
20.76367982796234,0.1888202559266835,40.40338700405886,2.383499852717143,340.8129183150355,0,0.0,0.0,0.0,0.0,0.0,0.0,0.0,1.0,0.0,0.0,1.0,0.0
23.049188272010444,0.3740313440187744,37.176574133868506,1.288988165859161,186.7261149628821,0,0.0,0.0,0.0,0.0,0.0,0.0,1.0,0.0,0.0,0.0,0.0,0.0
23.99233822141603,0.1632631356516621,75.8990275870401,2.0401516577636167,43.00753609401286,0,0.0,0.0,0.0,0.0,0.0,0.0,0.0,0.0,0.0,1.0,0.0,0.0
23.571704816092502,0.1848147002136298,38.54563570505718,1.9484964608302564,243.4010998413715,0,0.0,0.0,0.0,0.0,0.0,0.0,0.0,0.0,1.0,0.0,0.0,0.0
19.360708488121144,0.3720642588415406,32.33552593660856,1.9925991119562088,294.51305538700166,0,0.0,0.0,0.0,0.0,0.0,0.0,0.0,0.0,0.0,0.0,0.0,0.0
20.435130016424203,0.130312163389327,10.610165378719492,1.693425797805029,333.8727029836564,0,0.0,0.0,0.0,0.0,0.0,0.0,0.0,0.0,0.0,0.0,1.0,0.0
18.41265106821376,0.1354036883066993,29.383240952878246,2.126837478537124,159.48604832444505,0,1.0,0.0,1.0,0.0,0.0,0.0,0.0,0.0,0.0,0.0,0.0,0.0
24.17690111655254,0.3146882519176144,43.21421873368295,2.3134147528556794,162.14330466267342,0,0.0,0.0,0.0,0.0,0.0,0.0,0.0,0.0,0.0,0.0,0.0,0.0
19.94803190854835,0.3700800286857019,271.12985551835624,1.4545558392141358,117.55944383441069,0,0.0,0.0,0.0,0.0,0.0,1.0,0.0,0.0,0.0,0.0,0.0,0.0
20.83101589298141,0.2188334954159464,11.272793545491078,1.6071049745522428,173.46737448535026,0,0.0,0.0,0.0,1.0,0.0,0.0,0.0,0.0,0.0,0.0,0.0,0.0
21.87659701970009,0.0873584245710062,346.05744629375465,1.5546401057561543,197.6725156401964,0,0.0,0.0,0.0,0.0,0.0,0.0,0.0,0.0,0.0,0.0,0.0,0.0
16.721753503381304,0.4929038315331849,39.64250277746724,2.289248973160656,131.9512116035615,0,0.0,0.0,0.0,0.0,0.0,0.0,0.0,0.0,0.0,0.0,0.0,0.0
20.87211003859375,0.294038114874959,327.27756401701174,2.377068119087019,225.9774449064516,0,0.0,0.0,0.0,0.0,1.0,0.0,1.0,1.0,0.0,0.0,1.0,0.0
22.9652556991572,0.0709992410798064,18.174534467669723,1.8708943709008403,286.4482081254628,0,0.0,0.0,0.0,1.0,0.0,0.0,0.0,0.0,0.0,0.0,0.0,0.0
16.397088132081088,0.1841245642357221,42.97666056475058,2.153818308727889,230.76998807452415,0,0.0,0.0,0.0,0.0,0.0,0.0,0.0,0.0,0.0,1.0,0.0,0.0
21.554782260607304,0.2431768892762101,36.39174514843222,2.7420204498506364,148.12580956087135,0,0.0,0.0,0.0,0.0,0.0,0.0,0.0,0.0,0.0,0.0,0.0,0.0
22.42620227627132,0.1172921679179716,26.24831927406599,1.4434927515044649,154.8318022109545,0,1.0,0.0,0.0,0.0,0.0,0.0,0.0,0.0,0.0,0.0,0.0,0.0
24.228285965027258,0.2230027507222416,0.0,2.226514316181782,207.3442580139046,0,0.0,0.0,0.0,0.0,1.0,1.0,0.0,0.0,0.0,0.0,0.0,0.0
21.931396895629096,0.0407778434523423,322.2663347745849,2.309824426488509,58.66885476261372,0,0.0,0.0,0.0,1.0,0.0,0.0,0.0,0.0,0.0,0.0,0.0,0.0
21.199910363914707,0.012272696475318,244.24481404314724,2.552581584820366,275.3105300260179,0,0.0,0.0,0.0,0.0,0.0,0.0,0.0,0.0,0.0,0.0,0.0,1.0
17.973006201673833,0.2218996912450951,21.215707328706426,1.7756786901467023,157.91553420574334,0,0.0,0.0,0.0,0.0,0.0,0.0,0.0,0.0,0.0,0.0,0.0,0.0
19.78117309539091,0.0448895533084876,51.49544114703552,1.9351624591223269,293.04688353715005,0,0.0,0.0,0.0,0.0,0.0,0.0,0.0,0.0,0.0,0.0,0.0,0.0
22.570332408931275,0.1191716860866716,215.8644955075765,1.1712657762974696,262.98685226481217,0,0.0,0.0,0.0,0.0,0.0,0.0,0.0,0.0,1.0,0.0,0.0,0.0
20.852262985438085,0.058100693613474,39.48019437419087,2.116992523279991,124.71018297291587,0,0.0,0.0,1.0,0.0,0.0,0.0,0.0,0.0,1.0,0.0,1.0,0.0
22.06522188755835,0.1463601821934627,44.23420777866807,2.6757365669990363,358.23081671349115,0,0.0,0.0,0.0,0.0,0.0,0.0,0.0,1.0,0.0,0.0,0.0,0.0
19.797785571127523,0.175266861637561,18.343116050310044,2.371979252943448,178.3264946269336,0,1.0,0.0,0.0,0.0,0.0,1.0,0.0,0.0,0.0,0.0,0.0,0.0
20.1929106759527,0.1940191299694793,40.78307403083002,2.409416613027324,189.29270042907496,0,0.0,0.0,0.0,0.0,0.0,0.0,0.0,0.0,0.0,0.0,0.0,0.0
21.44805507540675,0.3209281245049157,0.0,2.083343137577312,217.35081177375756,0,0.0,0.0,0.0,0.0,1.0,1.0,0.0,0.0,0.0,0.0,0.0,0.0
20.632962154065748,0.2136959889448294,11.751959815478784,2.105354324710208,40.93069961468506,0,1.0,0.0,0.0,0.0,0.0,1.0,0.0,0.0,0.0,0.0,0.0,0.0
20.266785003699592,0.1248111454106906,4.306667587597879,1.6385241272200235,47.34181281913561,0,0.0,0.0,0.0,1.0,0.0,0.0,0.0,0.0,0.0,0.0,0.0,0.0
21.16390452705532,0.2934685365120932,341.2064126762751,2.387259943136121,37.30334747874052,0,1.0,0.0,0.0,0.0,0.0,0.0,0.0,0.0,0.0,0.0,0.0,1.0
20.10292357517482,0.0046819824776812,106.19382130992732,2.0390454806082565,203.9618518660789,0,0.0,0.0,0.0,0.0,0.0,0.0,0.0,0.0,0.0,0.0,0.0,0.0
20.38678081320306,0.0623941389364117,19.06893246904133,2.11041034514301,201.83140570409583,0,0.0,0.0,0.0,0.0,0.0,0.0,0.0,0.0,0.0,1.0,0.0,0.0
24.50676241169273,0.2626872982383025,41.057832417387054,2.1976337202843848,308.8127105814836,0,0.0,0.0,0.0,0.0,0.0,0.0,0.0,1.0,0.0,0.0,0.0,0.0
19.840116358776505,0.157995492100601,38.2082040014862,2.0757924054735684,87.87245726838296,0,0.0,0.0,0.0,0.0,0.0,0.0,1.0,0.0,0.0,0.0,0.0,0.0
18.65493524753593,0.4147317309284711,221.43147784205905,1.4122209709448468,194.320034422733,0,0.0,0.0,0.0,0.0,0.0,1.0,0.0,0.0,0.0,1.0,0.0,0.0
18.638805259315436,0.1317082789549466,0.0,1.756232008234735,329.8925395650091,0,0.0,0.0,1.0,0.0,0.0,0.0,0.0,0.0,0.0,0.0,0.0,0.0
20.71743773603131,0.1938202131742357,23.904592584600422,2.4748359077931927,327.48681448530965,0,0.0,1.0,0.0,0.0,0.0,0.0,0.0,1.0,0.0,0.0,0.0,0.0
18.912132585596968,0.1013121428793334,90.8135988941546,1.8218089673117317,0.0,0,0.0,0.0,0.0,0.0,0.0,0.0,0.0,0.0,0.0,0.0,1.0,1.0
20.12288185105296,0.4154908010837588,127.77165418359384,1.5436680312209765,168.49442838317142,0,0.0,0.0,0.0,0.0,0.0,0.0,0.0,1.0,0.0,0.0,0.0,0.0
19.159554825963976,0.204152780987034,262.0330441375779,2.184350126672044,161.8867062990057,0,1.0,0.0,0.0,0.0,0.0,0.0,0.0,0.0,0.0,0.0,0.0,0.0
26.17999361683697,0.3026464995729068,41.09999236123676,1.5821997480582142,33.08146017751896,0,0.0,0.0,0.0,0.0,0.0,0.0,0.0,0.0,0.0,1.0,0.0,0.0
21.79535669191175,0.0620854693282606,125.089631394948,1.7080137744067658,201.2161738477745,0,0.0,0.0,1.0,0.0,0.0,0.0,0.0,0.0,1.0,0.0,0.0,0.0
21.46129508521961,0.3932020724429402,2.9950959199118774,1.7640004996906116,240.03949888533572,0,0.0,0.0,0.0,1.0,0.0,0.0,0.0,0.0,0.0,0.0,0.0,0.0
21.99510909830473,0.2444777917355878,24.925899340731185,2.718452577014395,203.74647469987943,0,0.0,0.0,0.0,0.0,0.0,0.0,0.0,0.0,0.0,0.0,0.0,0.0
18.69043413691063,0.3007063759897745,330.6133359046271,2.61844057537561,204.51061990947736,0,0.0,0.0,0.0,0.0,1.0,0.0,0.0,1.0,0.0,0.0,0.0,0.0
17.450427793712947,0.1962458585345663,316.34387275179887,1.0940024852518515,37.62490284302745,0,0.0,0.0,0.0,0.0,0.0,0.0,0.0,0.0,1.0,0.0,0.0,1.0
20.021711055778308,0.0060699376531954,2.217264826582934,1.1631687442322929,160.48784010056374,0,0.0,0.0,0.0,0.0,0.0,0.0,0.0,0.0,0.0,0.0,0.0,0.0
20.64226160463161,0.0826489393239836,34.77464957631664,2.641818650681904,89.82987781805421,0,0.0,0.0,0.0,0.0,0.0,0.0,0.0,0.0,0.0,0.0,0.0,0.0
21.275530675216675,0.1401222854946019,1.4153822403742602,1.8643387797120103,174.1472965359745,0,0.0,0.0,1.0,0.0,0.0,0.0,0.0,0.0,0.0,0.0,0.0,0.0
20.98392255530385,0.1491508751292362,11.009140892055726,1.6187678732157251,221.76730864504384,0,0.0,0.0,1.0,0.0,0.0,0.0,0.0,0.0,0.0,0.0,0.0,1.0
22.36181798398907,0.1333174349552999,23.44312230666528,2.257507156645136,47.18454287715104,0,0.0,0.0,0.0,0.0,0.0,0.0,0.0,0.0,0.0,0.0,0.0,0.0
18.613041748878,0.1654281386406714,344.35379179143183,1.864101026815728,212.0546228052499,0,0.0,0.0,0.0,0.0,0.0,0.0,0.0,1.0,0.0,0.0,0.0,0.0
21.80221333123118,0.2774028376308624,43.33580469617758,2.3613146253520787,250.6971190134192,0,1.0,0.0,0.0,0.0,0.0,0.0,0.0,0.0,0.0,1.0,0.0,0.0
21.09756406880413,0.0951144110676862,23.474661136604297,2.284473289615376,5.9483245072890085,0,0.0,0.0,0.0,0.0,0.0,0.0,0.0,0.0,0.0,0.0,0.0,0.0
20.017921192789856,0.0475974095601577,22.75450213141905,1.244611906746684,313.5486420702915,0,0.0,0.0,0.0,0.0,0.0,0.0,0.0,0.0,0.0,0.0,0.0,0.0
20.515488718511943,0.205612186874429,31.38013255673697,2.6751437431183462,188.98527742717957,0,0.0,0.0,0.0,0.0,0.0,0.0,1.0,0.0,0.0,0.0,1.0,0.0
21.765802227001284,0.0518427228641689,221.53944653879373,1.7443804694644771,124.60408210152504,0,0.0,0.0,0.0,0.0,0.0,0.0,0.0,0.0,0.0,0.0,0.0,0.0
21.113208386831538,0.2453296307065415,20.07176997909956,2.1315297125714374,330.965365328444,0,0.0,0.0,0.0,0.0,0.0,0.0,0.0,0.0,0.0,1.0,0.0,0.0
21.873724765539528,0.0724060529471424,157.86970397302375,1.941054266986015,239.20234654401924,0,0.0,0.0,0.0,0.0,0.0,0.0,0.0,1.0,0.0,0.0,0.0,0.0
17.918124219579983,0.2763231240840533,340.11117308926725,0.7551951430702513,189.0105407643441,0,1.0,0.0,0.0,0.0,0.0,0.0,0.0,0.0,0.0,0.0,0.0,0.0
21.06021145494184,0.1531874975781851,181.94093433167,2.061954794458273,273.0711370095627,0,0.0,0.0,0.0,0.0,0.0,0.0,0.0,0.0,0.0,0.0,0.0,0.0
24.581893369135077,0.0679748995012913,343.8894353686708,1.969884322549439,152.04315451158524,0,0.0,0.0,0.0,1.0,0.0,0.0,0.0,0.0,0.0,0.0,0.0,0.0
20.22856011407442,0.2258504925829061,249.24232406599765,2.1071481704349067,152.80583919790098,0,0.0,0.0,0.0,0.0,1.0,0.0,0.0,0.0,0.0,0.0,1.0,0.0
18.50895285755372,0.37980057457069,25.858137112336493,1.825459875125304,288.84361496343166,0,0.0,0.0,1.0,0.0,0.0,0.0,0.0,0.0,0.0,0.0,0.0,0.0
22.695133092692263,0.2205895533429392,0.0,1.944720607790924,263.092418399664,0,0.0,0.0,0.0,0.0,0.0,0.0,0.0,0.0,0.0,0.0,0.0,0.0
19.4309633047505,0.4164459473306011,99.19189544120124,1.7187581160493182,307.2891573137873,0,0.0,0.0,0.0,0.0,0.0,0.0,1.0,0.0,0.0,0.0,1.0,0.0
20.70195270883124,0.3197852951364121,34.18751246224841,1.92211102006237,57.51138893097395,0,0.0,1.0,0.0,0.0,0.0,0.0,0.0,0.0,0.0,0.0,0.0,0.0
23.16234459902445,0.3969589521925959,340.26572924790713,2.517354319356933,213.17576735058057,0,0.0,0.0,0.0,0.0,0.0,0.0,0.0,1.0,0.0,0.0,0.0,0.0
18.98404877530184,0.2485532621994966,0.0,1.7785958894858562,360.0,0,0.0,0.0,0.0,0.0,0.0,0.0,0.0,0.0,0.0,1.0,0.0,0.0
20.139608931482684,0.2788935905285182,120.49280204520215,2.304477245668541,170.78467608520882,0,0.0,0.0,0.0,0.0,0.0,0.0,0.0,0.0,0.0,0.0,0.0,0.0
18.846056966001544,0.0587485496430971,32.75169442947041,1.9401528540871784,345.69008186754724,0,0.0,0.0,0.0,0.0,0.0,0.0,0.0,0.0,0.0,1.0,0.0,0.0
17.27363435533304,0.0180609038368074,319.01005735678586,2.00488751316107,284.1973455286707,0,0.0,0.0,0.0,0.0,0.0,0.0,0.0,0.0,0.0,0.0,0.0,0.0
22.09892451739076,0.0619548879198816,21.693380741538824,1.9857889409249547,98.72648108743516,0,0.0,0.0,0.0,0.0,0.0,0.0,0.0,0.0,1.0,0.0,0.0,0.0
25.169887050022943,0.1566174798124388,79.8573517486022,2.40875085000407,41.54172776294745,0,0.0,0.0,1.0,0.0,1.0,0.0,0.0,0.0,1.0,0.0,1.0,0.0
22.28884791898668,-0.0066897528547482,14.779157738792016,2.014889264711705,220.6986569675167,0,0.0,0.0,0.0,0.0,0.0,0.0,0.0,0.0,0.0,0.0,0.0,0.0
25.12041308249998,-0.0006345503167829,26.852341939574806,2.130995349754403,128.4444598387882,0,0.0,0.0,0.0,0.0,0.0,0.0,0.0,0.0,0.0,0.0,0.0,0.0
19.98101726402143,-0.0058818523584929,0.0,2.1655798363205947,31.06399639828985,0,0.0,0.0,0.0,0.0,0.0,0.0,0.0,0.0,0.0,0.0,0.0,0.0
24.770676812378177,0.1006413174721088,45.986680713170514,2.634621369732044,144.7348089051993,0,0.0,0.0,0.0,0.0,0.0,0.0,0.0,0.0,0.0,0.0,0.0,0.0
23.495606198996985,0.1797804712446711,44.63156269464746,2.249926856797716,185.13127196485868,0,0.0,0.0,0.0,0.0,0.0,0.0,0.0,0.0,0.0,0.0,0.0,0.0
17.36682250323121,0.1196152729209616,73.35963464213461,2.3617053743330523,50.046489079331685,0,0.0,1.0,0.0,0.0,0.0,0.0,0.0,0.0,0.0,0.0,0.0,0.0
18.642010919203774,0.1006533262041491,360.0,2.112753315145745,254.0142494349358,0,0.0,0.0,1.0,0.0,0.0,0.0,0.0,0.0,0.0,0.0,0.0,0.0
20.885984387252872,0.3083917761404287,66.55954221067765,2.487968773846097,188.348462123568,0,0.0,0.0,0.0,0.0,0.0,0.0,0.0,0.0,0.0,0.0,0.0,0.0
20.850971806486484,0.3494717157953611,24.54263445284851,1.875627503560037,150.2709995767704,0,0.0,0.0,0.0,0.0,0.0,0.0,0.0,0.0,0.0,0.0,0.0,0.0
19.19410856969549,0.1481965000380017,105.1550387210377,2.215434021768807,339.4931708330531,0,0.0,0.0,0.0,0.0,0.0,0.0,0.0,0.0,0.0,0.0,0.0,0.0
17.696849399508217,0.0700129589824529,360.0,1.7100236191100229,288.6116978121301,0,0.0,0.0,0.0,1.0,0.0,0.0,0.0,0.0,0.0,0.0,0.0,0.0
20.813437640959798,0.2395375634746492,33.13733131096208,1.9053100283118904,170.18348104376838,0,0.0,0.0,0.0,0.0,0.0,0.0,0.0,1.0,0.0,0.0,0.0,0.0
23.196300453162884,0.0691067767257797,30.35478637156648,1.9332898846648696,326.78255274732174,0,0.0,0.0,0.0,0.0,0.0,0.0,0.0,0.0,0.0,0.0,0.0,0.0
21.53099880726605,0.0345422963436018,12.03904853788957,2.1427867750270746,187.30258883244,0,0.0,0.0,0.0,0.0,0.0,0.0,0.0,0.0,0.0,0.0,0.0,1.0
22.66454545886244,0.0709004033569793,256.38559752102856,2.5715223106609937,228.59820543004764,0,0.0,0.0,0.0,0.0,0.0,0.0,1.0,0.0,0.0,0.0,0.0,0.0
17.869670963824518,0.1864188684958308,66.75285369481463,1.6677316899188726,326.52771355206755,0,0.0,0.0,0.0,0.0,0.0,0.0,0.0,0.0,0.0,1.0,0.0,0.0
20.68895841540398,0.1353595033837972,24.033303043935483,2.263087278672797,343.61548796425524,0,0.0,0.0,0.0,0.0,0.0,0.0,0.0,0.0,0.0,0.0,0.0,0.0
22.920392876758573,0.1452459665136783,328.55132103703943,1.993019319878003,246.6595154714246,0,0.0,0.0,0.0,0.0,0.0,0.0,0.0,0.0,0.0,0.0,0.0,0.0
22.528638734143534,0.4282016675212,67.6205499892899,1.473413693137825,196.0941915804604,0,0.0,0.0,1.0,0.0,0.0,0.0,0.0,0.0,1.0,0.0,0.0,0.0
22.6640506396652,0.0890016457989143,17.009249317515454,1.6716892235015477,128.54989641181493,0,0.0,0.0,1.0,0.0,0.0,0.0,0.0,0.0,0.0,0.0,0.0,0.0
20.23434282854166,-0.0008639264831072,360.0,0.8579066022292808,208.14587664963275,0,0.0,0.0,0.0,1.0,0.0,0.0,1.0,0.0,0.0,0.0,1.0,0.0
19.719785264353803,0.0531695003456412,251.4196843915803,2.3842754686643213,183.11212102616832,0,1.0,0.0,1.0,0.0,0.0,0.0,0.0,0.0,1.0,0.0,0.0,0.0
19.940386343052342,0.0702280975753697,360.0,2.5830506841329544,349.69865878189404,0,0.0,0.0,0.0,0.0,1.0,0.0,0.0,0.0,0.0,0.0,0.0,0.0
20.24835701566152,0.1586433181952459,14.873652736761503,1.7405464309199308,173.73546683320038,0,0.0,0.0,0.0,0.0,0.0,0.0,1.0,0.0,0.0,0.0,0.0,0.0
20.49722846265105,0.1349158752645644,31.32020366698628,1.899200563723097,190.33722466542957,0,0.0,0.0,0.0,1.0,0.0,0.0,0.0,0.0,0.0,0.0,0.0,0.0
20.68970999058815,0.0972275229899809,35.603798166609955,2.1786526875846435,237.46199373443412,0,0.0,1.0,0.0,0.0,0.0,0.0,0.0,0.0,1.0,0.0,0.0,0.0
18.984830435451958,0.0551292979699325,23.01716380475759,1.3847339794614495,204.58693868184625,0,0.0,0.0,0.0,0.0,0.0,0.0,0.0,0.0,0.0,0.0,0.0,0.0
22.49177739190279,0.1250839059353308,100.3116454829862,1.7553486324827372,191.45208124359627,0,0.0,1.0,0.0,0.0,0.0,0.0,0.0,0.0,0.0,0.0,0.0,0.0
23.17641188202258,0.1175445059048914,30.450867441555005,1.4113184885249712,147.8241100381786,0,0.0,0.0,0.0,0.0,1.0,0.0,0.0,1.0,0.0,0.0,0.0,0.0
20.192487414603377,0.0930014392229809,174.85635328361354,1.458295270043846,173.92114134848572,0,0.0,0.0,0.0,0.0,0.0,0.0,0.0,0.0,0.0,0.0,0.0,0.0
22.560865646843848,0.0559807539159472,171.02620884203338,1.210974675058288,57.19482538732996,0,0.0,0.0,0.0,0.0,0.0,0.0,0.0,0.0,1.0,0.0,0.0,0.0
21.99868620384644,0.0748288036688281,27.396908070211506,1.892252950395264,146.30510008688336,0,0.0,0.0,0.0,0.0,0.0,0.0,0.0,1.0,0.0,0.0,1.0,0.0
19.789688918215266,0.2857974634071357,44.94629168347147,1.7107792464865896,18.12733389453846,0,0.0,0.0,0.0,0.0,0.0,0.0,0.0,0.0,0.0,0.0,0.0,0.0
18.336303522255463,0.1135874782585162,360.0,1.8686965386615155,166.29000464477548,0,0.0,0.0,0.0,0.0,0.0,0.0,0.0,0.0,0.0,0.0,0.0,0.0
22.28156549471967,0.2697257547618225,16.786583952879685,1.3367089663756184,360.0,0,0.0,0.0,0.0,0.0,0.0,0.0,0.0,0.0,0.0,0.0,0.0,0.0
20.18621843750618,0.1712449688833514,157.7398131617508,2.0002629733842565,151.12183584639084,0,0.0,0.0,0.0,0.0,0.0,1.0,0.0,0.0,0.0,0.0,0.0,0.0
18.616878916451203,0.1822936118626714,22.38313752071162,1.4222240420213712,296.00559765908633,0,0.0,0.0,0.0,0.0,0.0,0.0,1.0,0.0,0.0,0.0,1.0,0.0
18.52940235935595,0.0144567495809771,32.10572188177664,2.4248267833949853,201.87349221159084,0,0.0,0.0,0.0,0.0,0.0,0.0,0.0,0.0,0.0,0.0,0.0,0.0
23.689584031899585,0.0929102797708354,259.7233370755796,1.2891860534615902,232.91453939209185,0,1.0,0.0,0.0,0.0,0.0,0.0,0.0,0.0,0.0,0.0,0.0,1.0
20.130141958750865,0.1173747119969345,157.77172373681458,2.1806463166965733,225.85354443408164,0,0.0,0.0,0.0,1.0,0.0,0.0,0.0,0.0,0.0,0.0,0.0,0.0
21.368429575641557,0.2272969272989004,115.3615581768134,2.2574369616992978,16.078637940983644,0,0.0,0.0,0.0,0.0,0.0,1.0,0.0,0.0,0.0,1.0,0.0,0.0
18.000995321513557,0.3170844920415405,3.474244306271366,2.4586884316107867,165.4765689180295,0,0.0,0.0,0.0,0.0,0.0,0.0,0.0,0.0,0.0,0.0,0.0,0.0
21.052318772266723,0.4504694850511384,241.04111445593105,2.7235253831134645,124.85684123251411,0,0.0,0.0,0.0,0.0,0.0,0.0,0.0,0.0,0.0,0.0,0.0,0.0
23.57585377315969,0.083948291744947,34.13583275084589,1.8200728313680847,110.13883356177176,0,0.0,0.0,0.0,0.0,0.0,0.0,0.0,0.0,0.0,0.0,0.0,0.0
20.298911963841608,0.1118969511384924,205.5711382099475,2.3173147866375103,36.9544866699674,0,0.0,0.0,0.0,0.0,0.0,0.0,0.0,0.0,0.0,0.0,0.0,0.0
22.254524475058776,0.0073184425409156,116.98870972447952,1.8704874656430752,194.50586107843307,0,0.0,1.0,0.0,0.0,0.0,0.0,0.0,0.0,1.0,0.0,1.0,0.0
20.197955194335204,0.2432390497674431,23.7830537440468,1.7556414458992031,174.92939035586215,0,0.0,1.0,0.0,0.0,0.0,0.0,0.0,0.0,0.0,0.0,0.0,0.0
21.591186393178045,0.2669210822496666,12.612384032849452,2.2355183663843348,148.46786852916372,0,0.0,0.0,0.0,1.0,0.0,0.0,0.0,0.0,0.0,0.0,1.0,0.0
24.957176043065463,0.1561386762507053,253.032307136123,2.587197284930218,160.19398482393112,0,0.0,0.0,0.0,0.0,0.0,1.0,0.0,0.0,0.0,1.0,0.0,0.0
20.98445172682521,0.0369373322180054,94.94482348458824,1.7546159169565838,207.51849472585053,0,1.0,1.0,0.0,0.0,0.0,0.0,0.0,0.0,0.0,0.0,0.0,0.0
21.531957700671853,0.2255190478043856,108.91721192915944,2.536634171879905,113.1639863215369,0,0.0,0.0,0.0,0.0,0.0,0.0,0.0,0.0,0.0,0.0,0.0,0.0
22.69236943605356,0.031758686729934,231.5731822361727,1.9169760419082549,313.01440168970976,0,0.0,0.0,0.0,0.0,0.0,0.0,0.0,0.0,0.0,0.0,0.0,0.0
22.52625211837145,0.0585407756011161,284.0748766005531,2.462995461698061,201.7578507791122,0,1.0,0.0,0.0,0.0,0.0,0.0,0.0,0.0,0.0,0.0,0.0,0.0
20.02896474698335,0.3563097307976218,47.77571119015034,2.3477532164929107,7.103902788655816,0,0.0,0.0,0.0,0.0,0.0,0.0,1.0,0.0,0.0,0.0,0.0,0.0
21.208953042574457,0.2048834436480867,331.3911508681132,2.4935304578314024,49.086027858161216,0,0.0,0.0,0.0,0.0,0.0,0.0,0.0,0.0,0.0,0.0,0.0,0.0
20.20989582518296,0.0304505029458959,265.09314574187704,1.6035904857138672,178.77791171961238,0,0.0,0.0,0.0,0.0,0.0,0.0,1.0,0.0,0.0,0.0,0.0,0.0
18.49059904864611,0.2055015634112679,85.62650445129981,1.9187665503108184,309.5316120714233,0,0.0,0.0,0.0,0.0,0.0,0.0,0.0,0.0,1.0,0.0,0.0,0.0
23.3063427258408,0.3142578819471543,27.230086179814144,2.793921550184113,215.5784996397636,0,0.0,0.0,0.0,0.0,0.0,0.0,0.0,0.0,0.0,0.0,0.0,0.0
24.654219285595925,0.0940186395179172,348.9511411996506,2.4900219329440456,3.7092301153899534,0,0.0,0.0,0.0,0.0,0.0,0.0,1.0,0.0,0.0,0.0,1.0,0.0
18.733235009550096,0.1780613299523739,357.3844802439233,1.5686426789103236,231.55850914236976,0,0.0,0.0,0.0,0.0,0.0,0.0,0.0,0.0,0.0,0.0,0.0,1.0
19.022466901721163,0.1161499284877637,22.67251676686953,2.501203334496954,179.99876770424524,0,0.0,0.0,0.0,0.0,0.0,0.0,0.0,0.0,0.0,0.0,0.0,0.0
13.638293651479067,0.1044273306123025,360.0,1.7956001732029176,218.55107967716685,0,0.0,0.0,0.0,0.0,0.0,0.0,0.0,0.0,0.0,0.0,0.0,0.0
18.10365854705135,0.1504147079962736,28.11225660522746,2.3041813828706648,204.9385792143367,0,0.0,0.0,0.0,1.0,0.0,0.0,0.0,0.0,0.0,0.0,0.0,0.0
22.9461486274576,0.2286475110600809,181.34179713167285,1.6646748309663242,44.202722501232586,0,0.0,0.0,0.0,0.0,0.0,0.0,0.0,0.0,0.0,0.0,0.0,0.0
17.59275031009575,0.1977083984684083,265.93954678837144,1.58201203803331,35.29920245937057,0,0.0,0.0,0.0,0.0,0.0,0.0,0.0,0.0,0.0,0.0,0.0,0.0
20.955056950869317,0.3082161971519682,0.0,1.3827380664193956,177.9721176593249,0,0.0,0.0,0.0,0.0,0.0,0.0,0.0,0.0,0.0,0.0,0.0,0.0
19.34819284286388,0.2146930748344772,17.308889224395095,1.3232045924499618,247.53643040527976,0,0.0,0.0,1.0,0.0,0.0,0.0,0.0,0.0,0.0,0.0,0.0,0.0
17.367392572483304,0.27083434406268,137.85442184338933,1.8863082223674656,0.0,0,0.0,0.0,0.0,0.0,0.0,1.0,0.0,0.0,0.0,0.0,0.0,0.0
24.4115008999804,0.0469418061792429,208.04382241925947,1.703238767999578,297.64394897578643,0,0.0,0.0,0.0,0.0,0.0,0.0,0.0,0.0,0.0,0.0,0.0,0.0
17.971870314367678,0.3802594061097916,0.0,2.3008802744107766,32.08173811627057,0,0.0,0.0,1.0,0.0,0.0,0.0,0.0,0.0,0.0,0.0,0.0,0.0
21.131608073347188,0.0250649724639408,94.46681679359936,1.7286297238274009,197.31586500082457,0,0.0,0.0,0.0,0.0,0.0,0.0,0.0,0.0,0.0,0.0,0.0,0.0
21.500584134880864,-0.0027503556813151,30.607405394127245,2.1578605308245136,195.35084096409037,0,0.0,0.0,0.0,0.0,0.0,0.0,0.0,0.0,0.0,0.0,0.0,0.0
14.73737320251417,0.1561637286152232,4.174914640529307,1.5619142380126387,360.0,0,1.0,0.0,0.0,1.0,0.0,0.0,0.0,0.0,0.0,0.0,0.0,1.0
25.108056870316343,0.1801773152803737,360.0,1.8062406883692328,9.698385177446925,0,0.0,0.0,0.0,0.0,0.0,0.0,0.0,0.0,0.0,1.0,0.0,0.0
22.925700832893565,0.0959128836756726,22.332685250712327,2.1215261745923124,197.65931376731905,0,0.0,0.0,0.0,0.0,0.0,0.0,0.0,0.0,0.0,0.0,1.0,0.0
21.600867093148803,0.4061793776109214,63.51246345809534,2.0206357028978217,18.71769646733122,0,0.0,0.0,0.0,0.0,0.0,0.0,0.0,0.0,0.0,0.0,0.0,0.0
23.173123340312564,0.0528092767380623,195.26662134686293,1.0177802858132845,29.298795334630025,0,1.0,0.0,0.0,0.0,0.0,0.0,0.0,1.0,0.0,0.0,0.0,1.0
18.0218344237297,0.1742510235837329,216.0881415290822,2.3187634029952817,286.9937135838278,0,0.0,0.0,0.0,0.0,0.0,0.0,0.0,0.0,0.0,0.0,0.0,1.0
25.253224126300125,0.1914656814867208,72.67858023256335,2.4845876923281227,339.5381542386446,0,0.0,0.0,0.0,0.0,0.0,1.0,0.0,0.0,0.0,1.0,0.0,0.0
23.11682260604985,0.107661518274805,21.52551705883114,1.7480287888517174,111.43043048576922,0,0.0,0.0,0.0,0.0,1.0,0.0,0.0,0.0,0.0,0.0,0.0,1.0
20.532380190597493,0.1448084630142783,35.87651270994239,1.2258916052693098,29.26873418622901,0,0.0,0.0,0.0,0.0,0.0,0.0,1.0,0.0,0.0,0.0,0.0,0.0
20.60993420103005,0.2152973151273142,360.0,1.7127175192380628,101.1685858153714,0,0.0,0.0,0.0,0.0,0.0,0.0,0.0,0.0,0.0,0.0,0.0,0.0
20.935367197497737,0.1443928783118719,138.87099994927888,2.096121741518368,360.0,0,0.0,0.0,1.0,0.0,0.0,0.0,0.0,0.0,0.0,0.0,0.0,0.0
13.808991677329782,0.2081652806708617,360.0,1.704675675004383,203.97131525666063,0,0.0,0.0,0.0,0.0,0.0,0.0,0.0,0.0,1.0,1.0,0.0,0.0
20.73920022695434,0.0078051530259362,352.5848379679828,1.7098743042711089,50.75321865904349,0,0.0,0.0,0.0,0.0,0.0,0.0,0.0,0.0,0.0,0.0,0.0,0.0
20.405170358943387,0.2617183149464828,110.7869219764714,2.1136058117446272,243.8032213902917,0,0.0,0.0,0.0,0.0,0.0,0.0,0.0,0.0,0.0,0.0,1.0,0.0
21.568889455847884,0.3670562336430885,68.21924849133539,2.2333433282947923,114.3212607879906,0,1.0,0.0,0.0,0.0,0.0,1.0,0.0,0.0,0.0,0.0,0.0,1.0
19.21188707913734,0.0262923975171902,339.0347861185704,2.086410648865834,206.62457159032263,0,0.0,0.0,0.0,0.0,0.0,0.0,0.0,0.0,0.0,0.0,1.0,0.0
22.87127616161077,0.1839412572012213,25.838565042524017,2.33196066004723,35.27844448592312,0,0.0,0.0,0.0,0.0,0.0,1.0,0.0,0.0,0.0,0.0,0.0,0.0
18.91464466780864,0.2131241766283191,299.3878450576178,1.9858464933316025,227.69378945939607,0,0.0,0.0,0.0,0.0,0.0,0.0,0.0,0.0,0.0,0.0,0.0,0.0
17.057108360422756,0.0298128360693167,34.01649842230369,1.8636175455615756,286.45827876026254,0,0.0,0.0,0.0,0.0,0.0,1.0,0.0,0.0,0.0,0.0,0.0,0.0
20.34858665136836,0.122190813142716,36.464669474686005,1.3089313138066,155.89192632220943,0,0.0,0.0,0.0,0.0,0.0,0.0,0.0,0.0,0.0,0.0,0.0,0.0
19.55183791045081,0.0951107183954855,23.645896534851843,1.8495408557210185,141.10290765297597,0,0.0,0.0,0.0,0.0,1.0,0.0,1.0,1.0,0.0,0.0,1.0,0.0
24.109334668719136,0.1898568080179773,360.0,1.7152740074703827,0.0,0,0.0,0.0,0.0,0.0,1.0,0.0,0.0,0.0,0.0,0.0,0.0,1.0
19.220144018863923,0.1779492084282969,20.681832769071303,2.1753318331131943,161.8441667720582,0,0.0,0.0,0.0,0.0,0.0,0.0,0.0,0.0,0.0,0.0,0.0,0.0
23.490915600984792,0.0921754204684519,28.62446529121334,2.298648342841094,354.7687889059663,0,1.0,0.0,1.0,0.0,0.0,0.0,0.0,0.0,0.0,0.0,0.0,0.0
23.84168830357265,0.1299103864546227,181.08107461447383,2.5383085856613854,214.28248101127,0,0.0,0.0,1.0,0.0,0.0,1.0,0.0,0.0,0.0,0.0,0.0,0.0
18.0251860923772,0.0140664490099483,36.7114976081104,1.6010754114542016,282.6747763721234,0,0.0,0.0,0.0,0.0,0.0,0.0,0.0,0.0,0.0,0.0,0.0,1.0
17.85988978395238,0.0505561539794787,38.35188618017569,2.0035803357002613,199.2285016965825,0,0.0,0.0,0.0,0.0,0.0,0.0,0.0,0.0,0.0,0.0,0.0,0.0
19.77374431651205,0.1741747384116369,24.325903046374837,2.26700164356072,210.56823615613987,0,0.0,0.0,0.0,0.0,0.0,0.0,1.0,0.0,0.0,0.0,1.0,0.0
24.16777235223547,0.2095376053423354,40.16112118289916,2.6569277160886573,94.07555791167316,0,0.0,0.0,0.0,0.0,0.0,0.0,0.0,0.0,0.0,0.0,0.0,1.0
21.80553166178824,0.1451975851301616,52.750273077207865,1.2893420606877188,181.69755706763303,0,0.0,0.0,0.0,0.0,0.0,0.0,0.0,0.0,1.0,0.0,0.0,0.0
20.35035914734469,0.1165653484093216,56.46630562154808,1.819298127597728,360.0,0,0.0,0.0,0.0,1.0,0.0,0.0,0.0,1.0,0.0,0.0,0.0,0.0
22.23915250236178,0.2316725086777277,74.87243252129858,1.4968409836443195,113.13805400675189,0,0.0,0.0,0.0,0.0,0.0,0.0,0.0,0.0,0.0,0.0,0.0,0.0
19.824755863349857,0.2682125866846161,222.65457008550655,2.464977236958535,216.729619861947,0,1.0,1.0,1.0,0.0,0.0,0.0,0.0,0.0,0.0,0.0,0.0,0.0
23.177954374374146,0.2157783007860734,13.76384428679198,2.393837258768216,245.8907771876301,0,0.0,0.0,0.0,1.0,0.0,0.0,0.0,0.0,0.0,0.0,0.0,0.0
19.58980601753196,0.2803015200486547,45.13979902203553,1.9951679818839492,133.49632519308776,0,0.0,0.0,0.0,0.0,0.0,0.0,0.0,0.0,0.0,0.0,0.0,0.0
22.83100142988443,0.1349942632116026,84.55520534886054,1.4535008503766806,144.09042088840553,0,0.0,0.0,0.0,0.0,0.0,0.0,0.0,0.0,0.0,0.0,0.0,0.0
22.83207197453631,0.1014162423844163,140.94227982369293,2.1911897361102,360.0,0,0.0,1.0,0.0,0.0,0.0,0.0,0.0,0.0,0.0,0.0,0.0,0.0
20.675381087516413,0.1152927567761864,262.6244598647198,1.9254820235844192,100.74339798109604,0,0.0,0.0,0.0,0.0,0.0,0.0,0.0,0.0,0.0,0.0,0.0,0.0
20.79875768141208,0.1790486407640567,321.5750779906326,2.275969511382251,103.57494660090136,0,0.0,0.0,0.0,1.0,0.0,1.0,0.0,0.0,0.0,0.0,0.0,0.0
20.164094715642317,0.1724875865206009,325.9913314487948,1.6311607999654942,307.12790218378586,0,0.0,0.0,0.0,0.0,0.0,0.0,0.0,0.0,0.0,0.0,0.0,0.0
22.983839484381992,0.142325464982568,30.175159803366988,1.302648197371289,223.29874381500332,0,0.0,0.0,0.0,0.0,0.0,0.0,0.0,0.0,0.0,1.0,1.0,0.0
22.79250882995656,0.1887669889666576,10.92272379411419,2.1233012458632805,201.4002369374975,0,0.0,0.0,0.0,0.0,0.0,1.0,0.0,0.0,0.0,0.0,0.0,1.0
21.73417337022088,0.1199217028164005,337.7520939521669,2.083284185300075,170.22312792718506,0,0.0,0.0,0.0,0.0,0.0,0.0,0.0,0.0,0.0,0.0,0.0,0.0
19.95383649508799,0.1278235678174104,307.5814076225988,2.136534924315904,197.78535321095333,0,0.0,0.0,0.0,0.0,0.0,0.0,0.0,0.0,0.0,0.0,1.0,0.0
19.76853427949922,0.0236203503665169,43.30695017172004,1.0500724433198938,93.28640815562068,0,0.0,0.0,0.0,0.0,0.0,0.0,0.0,0.0,1.0,0.0,0.0,0.0
24.12485100316481,0.026568010323445,360.0,2.701037041936391,360.0,0,1.0,0.0,0.0,0.0,0.0,0.0,0.0,0.0,0.0,0.0,0.0,0.0
19.04309082670073,0.4135527345949603,26.08293602220505,2.1384262205072275,260.0866600201714,0,0.0,0.0,1.0,0.0,0.0,0.0,0.0,0.0,0.0,0.0,0.0,0.0
19.635426698984254,0.4216166241385866,146.4689355440187,1.9498684250759364,194.23656448590373,0,0.0,0.0,0.0,0.0,1.0,0.0,0.0,0.0,0.0,0.0,0.0,0.0
19.13138170613153,0.1199895633520788,193.9420010347247,2.349042057769519,186.2407912644694,0,0.0,0.0,0.0,0.0,0.0,0.0,0.0,0.0,0.0,0.0,0.0,0.0
