SST,Current Speed,Current Direction ,Wind Speed,Wind Direction,Presence,April,August,December,February,January,July,June,March,May,November,October,September
20.07049797,0.097561322,20.75575086,1.389470241,213.1131456,1,0,0,0,0,0,0,0,0,0,0,1,0
20.46739118,0.149619405,355.2273609,1.074943293,356.9445439,1,0,0,0,0,0,0,0,0,0,0,1,0
19.97711133,0.285294723,4.134671374,2.256065174,36.1557455,1,0,0,0,0,0,0,0,0,0,0,1,0
19.73586251,0.207861823,18.72214331,1.561338601,208.3020977,1,0,0,0,0,0,0,0,0,0,1,0,0
20.22614236,0.043033758,65.3914972,0.967626493,152.9442047,1,0,0,0,0,0,0,0,0,0,1,0,0
20.56856004,0.086105611,41.69813433,1.917357538,170.0769204,1,0,0,0,0,0,0,0,0,0,1,0,0
20.76311554,0.055620846,152.3411289,1.526529965,116.7225077,1,0,0,0,0,0,0,0,0,0,1,0,0
20.91875994,0.090390795,6.483073693,1.764572294,67.8035127,1,0,0,0,0,0,0,0,0,0,1,0,0
21.43238645,0.184824108,1.378279154,1.916461248,32.01220413,1,0,0,1,0,0,0,0,0,0,0,0,0
21.58024863,0.069162169,71.87392031,1.344996192,169.1849621,1,0,0,1,0,0,0,0,0,0,0,0,0
22.08609292,0.329832914,12.49483021,2.000885416,33.13683054,1,0,0,1,0,0,0,0,0,0,0,0,0
21.54911975,0.284314175,356.0621305,2.27057123,24.30177134,1,0,0,1,0,0,0,0,0,0,0,0,0
23.09778151,0.106208062,102.105656,2.074372301,148.0048433,1,0,0,0,0,1,0,0,0,0,0,0,0
22.97326599,0.177155372,21.71764379,1.767883334,98.3212034,1,0,0,0,0,1,0,0,0,0,0,0,0
22.4674217,0.10179068,347.6658945,1.526243157,33.76476863,1,0,0,0,0,1,0,0,0,0,0,0,0
23.9538257,0.118886674,95.13172836,1.638122495,153.088622,1,0,0,0,0,1,0,0,0,0,0,0,0
23.45576363,0.113834498,331.7483577,1.816730083,16.8823371,1,0,0,0,0,1,0,0,0,0,0,0,0
23.73592354,0.181023275,346.0278696,2.213765899,21.56853565,1,0,0,0,0,1,0,0,0,0,0,0,0
22.87987935,0.297320607,352.962678,2.412308449,21.31324059,1,0,0,0,0,1,0,0,0,0,0,0,0
23.51802139,0.320555947,12.68941214,1.435974351,32.11399131,1,0,0,0,0,1,0,0,0,0,0,0,0
24.15616342,0.167841867,42.42815939,1.522612569,125.2836123,1,0,0,0,1,0,0,0,0,0,0,0,0
24.84099877,0.253318963,41.91057172,2.055703257,133.3735963,1,0,0,0,1,0,0,0,0,0,0,0,0
23.86043906,0.379704637,5.650317502,2.072559288,64.89549936,1,0,0,0,1,0,0,0,0,0,0,0,0
24.87212765,0.299588735,29.00598244,2.254493726,144.9757388,1,0,0,0,1,0,0,0,0,0,0,0,0
24.98107873,0.294396126,18.61263463,2.027669771,101.9620514,1,0,0,0,0,0,0,0,1,0,0,0,0
24.68535437,0.213092655,15.19700286,1.499935662,121.3239177,1,0,0,0,0,0,0,0,1,0,0,0,0
24.63087883,0.156244187,27.16619549,1.271003755,108.6557407,1,0,0,0,0,0,0,0,1,0,0,0,0
24.93438541,0.167532338,165.6614683,2.413442306,197.9525476,1,0,0,0,0,0,0,0,1,0,0,0,0
23.70479466,0.021417783,68.49856568,2.178266826,150.6261588,1,0,0,0,0,0,0,0,1,0,0,0,0
23.7981813,0.128005869,18.23249108,1.362385587,15.99830058,1,0,0,0,0,0,0,0,1,0,0,0,0
21.14444431,0.298558475,16.51150038,1.922071318,66.83330669,1,0,0,0,0,0,0,0,0,1,0,0,0
20.96545326,0.314282949,14.01327463,2.35415397,30.69656703,1,0,0,0,0,0,0,0,0,1,0,0,0
19.93820023,0.083499589,132.0170618,2.288337154,149.0882386,1,0,0,0,0,0,0,1,0,0,0,0,0
20.28840012,0.267915383,16.14865474,1.166698219,266.9960782,1,0,0,0,0,0,0,1,0,0,0,0,0
19.05102716,0.152876191,8.713969104,1.84302698,55.09536293,1,0,0,0,0,0,0,0,0,0,0,1,0
19.12884936,0.303749988,0,1.931623841,26.9947756,1,0,0,0,0,0,0,0,0,0,0,1,0
19.82924915,0.145476786,56.52672628,2.516261203,176.3664133,1,0,0,0,0,0,0,0,0,0,0,1,0
19.96154689,0.093777263,40.21547031,1.341855288,152.7738276,1,0,0,0,0,0,0,0,0,0,1,0,0
20.84871996,0.380129696,11.30251746,2.00063284,28.28732108,1,0,0,0,0,0,0,0,0,0,1,0,0
20.76311554,0.406596301,11.82942185,1.978818803,31.3926921,1,0,0,0,0,0,0,0,0,0,1,0,0
22.44407504,0.26185793,6.262782498,1.966253019,39.13391185,1,0,0,0,0,1,0,0,0,0,0,0,0
22.68532386,0.208385222,31.97338333,1.882531215,183.4710651,1,0,0,0,0,1,0,0,0,0,0,0,0
22.72423496,0.223398081,21.90518258,1.185543244,141.1402341,1,0,0,0,0,1,0,0,0,0,0,0,0
23.38572365,0.25688022,2.20948164,1.771978328,51.48575755,1,0,0,0,0,1,0,0,0,0,0,0,0
23.36237699,0.203444766,16.17960254,1.392628064,60.78731916,1,0,0,0,1,0,0,0,0,0,0,0,0
23.26899035,0.177943114,13.31763397,1.683388657,62.97068659,1,0,0,0,1,0,0,0,0,0,0,0,0
23.33124811,0.27261522,357.6001193,2.283491458,23.27641684,1,0,0,0,1,0,0,0,0,0,0,0,0
23.53358583,0.192748321,25.0566477,1.062543592,161.1041036,1,0,0,0,1,0,0,0,0,0,0,0,0
24.25733228,0.221215463,16.4692506,1.807571092,85.61813809,1,0,0,0,1,0,0,0,0,0,0,0,0
24.55305663,0.146027056,30.69673419,1.119740438,127.7735416,1,0,0,0,1,0,0,0,0,0,0,0,0
24.24955006,0.076827629,45.92903932,2.048641862,151.8547764,1,0,0,0,1,0,0,0,0,0,0,0,0
24.37406558,0.272122553,2.236979063,1.873830221,27.31547585,1,0,0,0,1,0,0,0,0,0,0,0,0
24.3040256,0.250893894,22.06329219,1.325477654,113.5459193,1,0,0,0,0,0,0,0,1,0,0,0,0
22.82540381,0.06840878,90,1.846746116,155.8287785,1,1,0,0,0,0,0,0,0,0,0,0,0
18.99655162,0.023694961,132.4208525,1.910308252,165.910309,1,0,0,0,0,0,0,0,0,1,0,0,0
16.57628123,0.040237941,78.85711014,2.170632209,175.5946617,1,0,0,0,0,0,0,0,0,0,0,0,1
16.37394351,0.219710984,15.19270502,1.749490768,111.8130716,1,0,0,0,0,0,0,0,0,0,0,0,1
16.59184567,0.380635368,7.153109399,2.194599278,15.84904011,1,0,0,0,0,0,0,0,0,0,0,0,1
17.01208554,0.251818476,22.95805549,0.838374434,110.3764352,1,0,0,0,0,0,0,0,0,0,0,0,1
17.20664104,0.175055314,20.54534773,1.906530464,217.6511553,1,0,0,0,0,0,0,0,0,0,0,0,1
17.10547218,0.238431671,358.5711499,2.362988521,19.15576663,1,0,0,0,0,0,0,0,0,0,0,0,1
17.82921863,0.222283768,28.32454377,1.848583615,157.1162988,1,0,0,0,0,0,0,0,0,0,0,0,1
19.25336488,0.091037557,121.2469294,2.467271383,153.2803464,1,0,0,0,0,0,0,0,0,0,0,1,0
18.93429386,0.367433202,9.494692701,2.373625793,41.77989652,1,0,0,0,0,0,0,0,0,0,0,1,0
18.47514288,0.014520678,246.6444351,1.733615243,30.76337447,1,0,0,0,0,0,0,0,0,0,0,1,0
19.60356477,0.304831344,352.5707073,2.344369883,26.12617437,1,0,0,0,0,0,0,0,0,0,1,0,0
19.58021811,0.290320528,350.6144817,2.274688474,25.19975832,1,0,0,0,0,0,0,0,0,0,1,0,0
20.73198666,0.067460527,78.39523764,1.918812185,129.9567513,1,0,0,1,0,0,0,0,0,0,0,0,0
20.89541328,0.254775645,5.128960516,2.148241176,28.64585462,1,0,0,1,0,0,0,0,0,0,0,0,0
20.73976888,0.180306945,355.0379258,2.415302737,27.08221796,1,0,0,1,0,0,0,0,0,0,0,0,0
20.85650218,0.025298294,77.61924307,1.437070705,126.683873,1,0,0,1,0,0,0,0,0,0,0,0,0
20.77089776,0.078826928,345.3432489,2.035900249,38.63356351,1,0,0,1,0,0,0,0,0,0,0,0,0
21.46351533,0.28827366,353.6020155,2.317332399,29.58608078,1,0,0,1,0,0,0,0,0,0,0,0,0
21.22226651,0.261581748,349.4126787,2.307444591,24.37435651,1,0,0,1,0,0,0,0,0,0,0,0,0
21.16779097,0.111462028,346.0716581,1.996901781,20.88522521,1,0,0,1,0,0,0,0,0,0,0,0,0
21.51799087,0.126760981,348.5378205,2.261357643,26.77464055,1,0,0,1,0,0,0,0,0,0,0,0,0
21.26117761,0.213353568,344.5191816,2.412452407,25.95103888,1,0,0,1,0,0,0,0,0,0,0,0,0
21.63472417,0.180441496,341.3693123,2.123658304,26.24327001,1,0,0,1,0,0,0,0,0,0,0,0,0
22.87987935,0.104072044,337.0735467,2.171931862,32.57495555,1,0,0,0,0,1,0,0,0,0,0,0,0
22.61528388,0.257905229,350.9285024,2.311496656,31.21712655,1,0,0,0,0,1,0,0,0,0,0,0,0
23.00439487,0.145959468,340.3686302,1.894744659,37.15242674,1,0,0,0,0,1,0,0,0,0,0,0,0
22.77871049,0.183994916,336.4945316,2.151681272,37.39003226,1,0,0,0,0,1,0,0,0,0,0,0,0
22.56859056,0.075846417,92.21965555,2.137332556,170.7804551,1,0,0,0,0,1,0,0,0,0,0,0,0
23.79039908,0.063381818,341.2270269,1.60419238,49.62473509,1,0,0,0,0,1,0,0,0,0,0,0,0
23.44798141,0.29792683,15.66165297,1.645010322,41.17417528,1,0,0,0,1,0,0,0,0,0,0,0,0
23.9927368,0.366198959,14.9568865,1.929391967,40.92715564,1,0,0,0,1,0,0,0,0,0,0,0,0
23.10556373,0.359731723,5.541804768,2.152067049,24.69084081,1,0,0,0,1,0,0,0,0,0,0,0,0
23.52580361,0.389254928,8.29638748,2.296842169,24.08700431,1,0,0,0,1,0,0,0,0,0,0,0,0
24.3818478,0.312256339,19.50619621,1.315283359,75.41942649,1,0,0,0,0,0,0,0,1,0,0,0,0
19.44013815,0.282419334,10.01729165,1.871299321,3.177571535,1,0,0,0,0,0,0,1,0,0,0,0,0
18.00042747,0.154276493,134.7776372,2.438765721,153.572119,1,0,1,0,0,0,0,0,0,0,0,0,0
17.86034751,0.135892914,30.48990796,1.973283967,179.4820998,1,0,0,0,0,0,0,0,0,0,0,0,1
17.70470311,0.314580863,1.371808502,2.417626666,32.120685,1,0,0,0,0,0,0,0,0,0,0,0,1
19.15997824,0.376721132,7.859841248,1.532507897,40.6503397,1,0,0,0,0,0,0,0,0,0,0,1,0
19.34675151,0.366543982,4.625888064,1.543838793,26.45633066,1,0,0,0,0,0,0,0,0,0,0,1,0
19.46348481,0.286288502,8.577716525,1.372400116,35.33447079,1,0,0,0,0,0,0,0,0,0,0,1,0
19.51796035,0.148890769,27.88028444,1.21023878,153.2790616,1,0,0,0,0,0,0,0,0,0,1,0,0
20.50630228,0.233774747,3.853823692,1.341737677,38.13201751,1,0,0,0,0,0,0,0,0,0,1,0,0
20.53743116,0.24436566,359.5578142,2.212263509,27.09403382,1,0,0,1,0,0,0,0,0,0,0,0,0
21.28452427,0.302402407,0.346642665,2.352464261,25.46705451,1,0,0,1,0,0,0,0,0,0,0,0,0
25.05890093,0.24329651,35.80334411,1.699154156,170.0684107,1,0,0,0,0,1,0,0,0,0,0,0,0
24.3040256,0.326830829,358.1450978,2.404811844,26.35976205,1,0,0,0,1,0,0,0,0,0,0,0,0
23.05887041,0.296650449,25.65926452,2.540757777,103.6987945,1,0,0,0,1,0,0,0,0,0,0,0,0
22.4674217,0.042271851,55.07433273,1.572769198,88.710916,1,0,0,0,0,0,0,0,1,0,0,0,0
22.07052848,0.031173354,333.6819119,1.460102783,251.7077552,1,0,0,0,0,0,0,0,1,0,0,0,0
22.0004885,0.063237352,324.8982599,1.912658362,352.0892805,1,1,0,0,0,0,0,0,0,0,0,0,0
21.85262633,0.119254154,333.3732077,2.258635813,7.121777103,1,1,0,0,0,0,0,0,0,0,0,0,0
21.33899981,0.127929331,187.8401831,1.518276187,153.1822163,1,1,0,0,0,0,0,0,0,0,0,0,0
21.21448429,0.071066611,170.4596182,1.843228741,148.2950592,1,1,0,0,0,0,0,0,0,0,0,0,0
21.12887987,0.03550565,33.28752769,1.099826767,15.33675983,1,1,0,0,0,0,0,0,0,0,0,0,0
21.05105767,0.072664988,335.0952312,1.954954629,331.4867516,1,1,0,0,0,0,0,0,0,0,0,0,0
21.09775099,0.167374169,12.87232843,1.316629093,5.389824938,1,1,0,0,0,0,0,0,0,0,0,0,0
22.5063328,0.118364209,18.25892548,1.570139235,342.197101,1,1,0,0,0,0,0,0,0,0,0,0,0
20.35065788,0.359571255,14.29106393,1.914241903,0.787122224,1,0,0,0,0,0,0,0,0,1,0,0,0
21.58024863,0.069162169,71.87392031,1.317883375,170.3269501,1,0,0,1,0,0,0,0,0,0,0,0,0
21.53355531,0.061600987,50.65250349,1.075156885,110.9043298,1,0,0,1,0,0,0,0,0,0,0,0,0
22.0783107,0.073361106,110.9055693,1.346639264,184.7789563,1,0,0,1,0,0,0,0,0,0,0,0,0
23.16782149,0.258127803,359.8812524,1.978464372,31.96985095,1,0,0,0,0,1,0,0,0,0,0,0,0
22.87987935,0.297320607,352.962678,2.329414316,22.36919364,1,0,0,0,0,1,0,0,0,0,0,0,0
23.55693249,0.390219944,7.938409079,1.520540022,34.29785003,1,0,0,0,0,1,0,0,0,0,0,0,0
23.86043906,0.379704637,5.650317502,2.023973601,66.46882716,1,0,0,0,1,0,0,0,0,0,0,0,0
24.87212765,0.299588735,29.00598244,2.221803562,147.1830153,1,0,0,0,1,0,0,0,0,0,0,0,0
24.88769209,0.306492907,23.09616241,1.979097603,133.9002456,1,0,0,0,1,0,0,0,0,0,0,0,0
23.70479466,0.021417783,68.49856568,2.14432772,151.6771189,1,0,0,0,0,0,0,0,1,0,0,0,0
23.8370924,0.30890099,11.0351574,2.083197624,68.89620354,1,0,0,0,0,0,0,0,1,0,0,0,0
24.00830124,0.240491013,14.36382263,2.314105246,58.77799174,1,0,0,0,0,0,0,0,1,0,0,0,0
23.9927368,0.112405244,31.03937784,1.3817505,140.8126932,1,0,0,0,0,0,0,0,1,0,0,0,0
23.6425369,0.284786344,20.83556491,1.537918814,136.6456458,1,1,0,0,0,0,0,0,0,0,0,0,0
23.65810134,0.371118539,16.33024841,1.28781099,102.1126229,1,1,0,0,0,0,0,0,0,0,0,0,0
19.73586251,0.020513787,103.6269949,2.461694021,208.3012269,1,0,0,0,0,0,0,1,0,0,0,0,0
19.93820023,0.083499589,132.0170618,2.221359669,152.7652093,1,0,0,0,0,0,0,1,0,0,0,0,0
20.04715131,0.185216387,32.06914637,2.07407179,137.3360689,1,0,0,0,0,0,0,1,0,0,0,0,0
20.2806179,0.195593481,23.12419425,1.8616743,178.3661674,1,0,0,0,0,0,0,1,0,0,0,0,0
19.38566261,0.233687946,15.05121999,1.918415517,314.2736265,1,0,0,0,0,0,1,0,0,0,0,0,0
18.87981832,0.265457293,2.819323541,1.920917382,20.60549367,1,0,0,0,0,0,0,0,0,0,0,0,1
19.08215604,0.383799724,3.590322602,2.339666467,29.52286311,1,0,0,0,0,0,0,0,0,0,0,1,0
20.66194668,0.24102352,359.2942646,1.977567917,20.12542674,1,0,0,0,0,0,0,0,0,0,0,1,0
20.26505346,0.299586364,11.64372865,1.543726937,85.23299302,1,0,0,0,0,0,0,0,0,0,1,0,0
20.87206662,0.111978555,2.066476986,1.690222209,51.12143621,1,0,0,1,0,0,0,0,0,0,0,0,0
22.2728662,0.073905773,26.97284343,1.40728522,53.80726872,1,0,0,1,0,0,0,0,0,0,0,0,0
22.17947956,0.198694915,1.51162114,2.023759371,26.68698934,1,0,0,1,0,0,0,0,0,0,0,0,0
22.22617288,0.232963843,357.8665687,1.881061875,21.87366138,1,0,0,1,0,0,0,0,0,0,0,0,0
23.28455479,0.291746989,359.5870646,1.762005108,31.55785868,1,0,0,0,0,1,0,0,0,0,0,0,0
23.16782149,0.273086769,3.510337447,1.830653544,34.02584286,1,0,0,0,1,0,0,0,0,0,0,0,0
24.31959004,0.226879559,9.101124285,1.593692234,51.64618621,1,0,0,0,1,0,0,0,0,0,0,0,0
24.55305663,0.146027056,30.69673419,1.138518214,133.4088597,1,0,0,0,1,0,0,0,0,0,0,0,0
24.27289672,0.071220132,49.52717101,1.705399211,139.5496347,1,0,0,0,1,0,0,0,0,0,0,0,0
24.24955006,0.108756771,67.18111087,2.261579813,156.2454227,1,0,0,0,1,0,0,0,0,0,0,0,0
24.37406558,0.272122553,2.236979063,1.829827898,29.17369318,1,0,0,0,1,0,0,0,0,0,0,0,0
23.84487462,0.257778606,8.474898861,1.658940934,25.23939613,1,0,0,0,0,0,0,0,1,0,0,0,0
23.97717236,0.102350637,50.63068276,2.227207925,138.7708155,1,0,0,0,0,0,0,0,1,0,0,0,0
23.93047904,0.227363442,17.67682586,1.982972878,132.6414011,1,0,0,0,0,0,0,0,1,0,0,0,0
21.79815079,0.038255705,230.0796079,1.374922503,11.20594751,1,1,0,0,0,0,0,0,0,0,0,0,0
16.57628123,0.040237941,78.85711014,2.134909363,175.7939093,1,0,0,0,0,0,0,0,0,0,0,0,1
16.13269469,0.058379837,48.70462744,1.861463854,142.8307598,1,0,0,0,0,0,0,0,0,0,0,0,1
16.37394351,0.219710984,15.19270502,1.723926008,113.1879577,1,0,0,0,0,0,0,0,0,0,0,0,1
18.33506293,0.106473392,49.51687562,2.284310007,185.0144444,1,0,0,0,0,0,0,0,0,0,0,0,1
19.13663158,0.17797333,25.52123516,1.228322986,167.1998409,1,0,0,0,0,0,0,0,0,0,0,1,0
19.05880938,0.068784171,54.94762612,2.070104324,133.6592797,1,0,0,0,0,0,0,0,0,0,0,1,0
20.92654216,0.082757513,71.43687291,1.41451753,147.6188289,1,0,0,1,0,0,0,0,0,0,0,0,0
22.40516394,0.113351071,357.8141992,1.905452568,31.12920865,1,0,0,0,0,1,0,0,0,0,0,0,0
22.10943958,0.109548522,210.7565394,1.349431683,59.37680564,1,0,0,0,0,1,0,0,0,0,0,0,0
22.25730176,0.121415237,179.8645492,1.902521722,208.9351639,1,0,0,0,0,1,0,0,0,0,0,0,0
23.79039908,0.063381818,341.2270269,1.589982563,52.95810086,1,0,0,0,0,1,0,0,0,0,0,0,0
23.9927368,0.366198959,14.9568865,1.831439577,43.34962949,1,0,0,0,1,0,0,0,0,0,0,0,0
23.93826126,0.36009715,30.08511946,2.281140355,142.216599,1,0,0,0,1,0,0,0,0,0,0,0,0
25.42466526,0.388906909,33.29218656,2.226442971,148.7886133,1,0,0,0,1,0,0,0,0,0,0,0,0
24.66978993,0.334382621,34.98480501,2.452294421,163.6346537,1,0,0,0,1,0,0,0,0,0,0,0,0
25.05111871,0.423209384,25.12516505,2.089106608,138.4828833,1,0,0,0,1,0,0,0,0,0,0,0,0
24.49858109,0.332521444,12.28360616,2.000873067,27.34237292,1,0,0,0,0,0,0,0,1,0,0,0,0
19.42457371,0.090018908,161.0954242,2.108018205,150.8782638,1,0,0,0,0,0,1,0,0,0,0,0,0
19.24558266,0.171604424,13.28865413,1.066082596,62.24328434,1,0,0,0,0,0,1,0,0,0,0,0,0
18.00042747,0.154276493,134.7776372,2.405070912,153.557425,1,0,1,0,0,0,0,0,0,0,0,0,0
19.15219602,0.267369172,19.96848528,1.641072401,140.2564149,1,0,0,0,0,0,0,0,0,0,0,1,0
19.03546272,0.278632921,19.41588614,1.860989794,153.1584566,1,0,0,0,0,0,0,0,0,0,0,1,0
19.15997824,0.376721132,7.859841248,1.498024004,43.1768772,1,0,0,0,0,0,0,0,0,0,0,1,0
19.44013815,0.310811655,19.05688017,1.136794076,47.41810644,1,0,0,0,0,0,0,0,0,0,0,1,0
19.67360475,0.257846149,7.751779154,1.805170383,38.96708276,1,0,0,0,0,0,0,0,0,0,0,1,0
19.36231595,0.339398241,0.778897658,2.364234336,27.6038454,1,0,0,0,0,0,0,0,0,0,1,0,0
20.67751112,0.054117895,173.3820127,1.2695398,101.3556685,1,0,0,1,0,0,0,0,0,0,0,0,0
20.56077782,0.18503371,359.5698596,2.081952731,49.7018609,1,0,0,1,0,0,0,0,0,0,0,0,0
20.88763106,0.077115407,24.51616114,1.205262983,58.5764859,1,0,0,1,0,0,0,0,0,0,0,0,0
24.3040256,0.326830829,358.1450978,2.339028848,27.85753921,1,0,0,0,1,0,0,0,0,0,0,0,0
24.59974995,0.2454799,341.7836604,2.045763171,28.25932926,1,0,0,0,1,0,0,0,0,0,0,0,0
22.67754164,0.168052842,352.1401588,2.29393192,45.56222749,1,0,0,0,0,0,0,0,1,0,0,0,0
22.98104821,0.030230394,221.7754774,1.949905966,19.04940968,1,0,0,0,0,0,0,0,1,0,0,0,0
22.31955952,0.041532993,34.14750914,1.615634899,113.5509586,1,0,0,0,0,0,0,0,1,0,0,0,0
20.5529956,0.219863358,30.25643716,2.011490941,161.7035169,1,0,0,0,0,0,0,0,0,1,0,0,0
21.30008871,0.199195689,355.4735247,1.802786347,23.58722059,1,0,0,1,0,0,0,0,0,0,0,0,0
23.16782149,0.258127803,359.8812524,1.978464372,31.96985095,1,0,0,0,0,1,0,0,0,0,0,0,0
25.00442539,0.182193334,355.7086654,1.898161361,18.21456553,1,0,0,0,1,0,0,0,0,0,0,0,0
24.91103875,0.265933003,35.17070157,2.26848552,154.9175674,1,0,0,0,1,0,0,0,0,0,0,0,0
24.87212765,0.299588735,29.00598244,2.221803562,147.1830153,1,0,0,0,1,0,0,0,0,0,0,0,0
23.84487462,0.250773523,15.71786569,2.172891477,69.74011234,1,0,0,0,0,0,0,0,1,0,0,0,0
24.00830124,0.240491013,14.36382263,2.314105246,58.77799174,1,0,0,0,0,0,0,0,1,0,0,0,0
23.62697246,0.428116774,12.56784961,0.989170439,42.71937658,1,1,0,0,0,0,0,0,0,0,0,0,0
23.8760035,0.179696321,25.33350082,1.613158204,165.6485766,1,0,0,0,0,1,0,0,0,0,0,0,0
23.13669261,0.088897679,150.0684882,2.086122278,160.7723468,1,0,0,0,1,0,0,0,0,0,0,0,0
24.23398562,0.261677769,8.626157315,1.170898519,52.46616366,1,0,0,0,1,0,0,0,0,0,0,0,0
19.25336488,0.091037557,121.2469294,2.421258707,152.9861915,1,0,0,0,0,0,0,0,0,0,0,1,0
18.62300506,0.107565427,334.192421,2.122697963,23.55560214,1,0,0,0,0,0,0,0,0,0,0,1,0
19.37009817,0.136455654,35.91306336,2.027805734,154.0772173,1,0,0,0,0,0,0,0,0,0,1,0,0
20.92654216,0.082757513,71.43687291,1.41451753,147.6188289,1,0,0,1,0,0,0,0,0,0,0,0,0
21.68141749,0.224944898,4.510351439,1.336154808,54.84888581,1,0,0,1,0,0,0,0,0,0,0,0,0
22.66975942,0.13093761,333.1554594,1.30887284,39.0737692,1,0,0,0,0,1,0,0,0,0,0,0,0
22.70867052,0.065014038,340.906508,1.591076596,28.27231857,1,0,0,0,0,1,0,0,0,0,0,0,0
24.63866105,0.391155505,2.521286942,2.101775543,25.22213683,1,0,0,0,0,1,0,0,0,0,0,0,0
23.9927368,0.366198959,14.9568865,1.831439577,43.34962949,1,0,0,0,1,0,0,0,0,0,0,0,0
19.30784042,0.256572886,21.29074565,1.722369887,172.2691809,1,0,0,0,0,0,0,0,0,0,0,1,0
21.11331543,0.106845649,87.05241392,1.917597977,163.8498133,1,0,0,0,0,1,0,0,0,0,0,0,0
22.42072838,0.144281843,175.4889671,1.90607476,140.6097656,1,0,0,0,0,1,0,0,0,0,0,0,0
24.80208767,0.245918668,13.03222478,1.190698039,41.54152843,1,0,0,0,0,1,0,0,0,0,0,0,0
25.05890093,0.24329651,35.80334411,1.637013144,169.1954703,1,0,0,0,0,1,0,0,0,0,0,0,0
22.56859056,0.257429364,43.39950493,2.674158476,109.6880232,1,0,0,0,1,0,0,0,0,0,0,0,0
22.70867052,0.146346819,30.48804694,1.859404749,119.8848808,1,0,0,0,1,0,0,0,0,0,0,0,0
22.98104821,0.127101635,45.72984306,1.692085992,190.3952064,1,0,0,0,1,0,0,0,0,0,0,0,0
23.19116815,0.137081678,39.77509462,1.638116432,172.1651291,1,0,0,0,1,0,0,0,0,0,0,0,0
23.01995931,0.069935384,73.85566122,1.934575515,227.0228314,1,0,0,0,1,0,0,0,0,0,0,0,0
23.04330597,0.070843619,156.7388595,1.687355937,162.1327418,1,0,0,0,1,0,0,0,0,0,0,0,0
22.42072838,0.140848248,143.0376153,2.231564226,176.4175088,1,0,0,0,0,0,0,0,1,0,0,0,0
20.79424442,0.02722297,119.1161463,1.145231038,212.8983663,1,1,0,0,0,0,0,0,0,0,0,0,0
20.80980886,0.056955827,16.64209136,0.922451017,347.8983663,1,1,0,0,0,0,0,0,0,0,0,0,0
21.75923969,0.290556891,10.0079798,1.511755891,309.754226,1,1,0,0,0,0,0,0,0,0,0,0,0
21.83706189,0.113257841,21.34110358,2.12167079,244.8205005,1,1,0,0,0,0,0,0,0,0,0,0,0
21.80593301,0.069502903,37.93890603,0.887044728,137.8458015,1,1,0,0,0,0,0,0,0,0,0,0,0
20.38948888,0.152708373,8.38556324,2.080545418,109.4589543,0,0,0,0,0,0,0,1,0,0,0,1,0
24.8980901,0.293206503,261.2739802,1.727755889,244.1167026,0,0,0,0,0,0,0,0,0,0,0,0,0
20.06941607,0.193405004,226.0454693,1.61742173,139.3087963,0,0,0,0,0,0,0,0,0,0,0,0,0
17.58979387,0.135020382,89.66749247,0.547228714,68.43983028,0,0,0,0,0,0,0,0,0,0,0,0,0
21.96273021,0.06394708,25.34172719,2.52488009,276.0591402,0,0,0,0,0,0,0,0,1,0,0,0,0
19.48008399,0.061862556,23.14490628,2.182633899,17.54811019,0,0,0,0,0,0,0,0,0,0,0,0,0
23.80035833,0.082168113,27.14839377,1.651792874,285.115064,0,0,0,0,0,0,0,0,0,0,0,0,0
19.49600445,0.125513026,115.4853747,2.05118372,183.656769,0,0,0,0,0,1,0,0,0,0,0,0,0
23.00227167,0.182915766,360,2.388037021,327.1644773,0,0,0,0,0,0,0,0,0,0,1,0,0
20.53454834,0.301692724,29.77988734,2.278525288,249.6951715,0,0,0,0,0,0,0,0,0,0,0,0,0
18.37636179,0.048247385,39.71356721,1.717546828,45.82001067,0,0,1,0,0,0,0,0,0,0,0,0,0
18.61888323,0.010399844,32.41378129,1.858549506,211.4559354,0,0,0,0,0,0,0,0,0,0,0,0,0
25.32478672,0.034446155,7.021255308,1.898320328,146.5619864,0,0,1,1,0,0,0,0,0,0,0,0,0
20.40775491,0.313535823,227.4738392,1.681389844,200.7154279,0,0,0,0,0,0,0,0,0,1,0,0,0
17.75669591,0.251313264,39.64784856,2.227527201,0,0,0,0,0,0,0,0,0,0,0,0,0,0
21.51495744,0.008514481,39.64070647,1.574270426,178.8894233,0,1,0,0,0,0,0,0,0,0,0,0,0
22.21744394,0.134630624,30.68170023,2.104686029,282.8890028,0,0,0,0,0,1,0,0,0,0,0,0,0
20.65953098,0.077293882,44.36691225,2.136251013,10.84410871,0,0,0,0,0,0,0,0,0,1,0,0,0
24.40593479,0.021687214,33.1917668,2.028912699,269.7625258,0,0,0,0,0,0,0,0,0,0,0,0,0
16.97671823,0.201518416,348.8674363,1.668258366,162.324406,0,1,0,0,0,0,0,0,0,0,0,0,0
22.17514204,0.054925456,81.8004302,1.726606095,207.0349472,0,0,1,0,0,0,0,0,0,0,1,0,0
20.66169302,0.067158117,106.8867733,1.789113513,161.9170958,0,0,0,0,0,0,0,0,0,0,0,0,0
17.82151311,0.151455695,158.3812907,2.358117309,163.9958455,0,0,0,0,0,0,0,0,0,0,0,0,0
20.31650061,0.171955158,202.8863616,1.764839413,28.80391549,0,1,0,0,0,0,0,0,0,0,0,0,0
23.91329341,0.297622462,360,2.539245444,265.903017,0,0,0,0,0,0,0,0,0,0,1,0,0
20.88188214,0.009774552,360,1.687860903,202.8708495,0,0,0,0,0,0,0,0,0,0,0,0,1
18.40994869,0.346440241,0,2.306992197,278.7364165,0,0,0,0,0,0,0,0,0,0,0,0,0
24.07876689,0.007146028,110.719153,0.952938268,43.67799605,0,0,0,1,0,0,0,0,0,0,0,0,0
20.85693892,0.10177665,99.62943353,0.989939089,133.0265569,0,0,0,0,0,0,0,0,0,0,0,1,0
20.76367983,0.188820256,40.403387,2.383499853,340.8129183,0,0,0,0,0,0,0,0,1,0,0,1,0
23.04918827,0.374031344,37.17657413,1.288988166,186.726115,0,0,0,0,0,0,0,1,0,0,0,0,0
23.99233822,0.163263136,75.89902759,2.040151658,43.00753609,0,0,0,0,0,0,0,0,0,0,1,0,0
23.57170482,0.1848147,38.54563571,1.948496461,243.4010998,0,0,0,0,0,0,0,0,0,1,0,0,0
19.36070849,0.372064259,32.33552594,1.992599112,294.5130554,0,0,0,0,0,0,0,0,0,0,0,0,0
20.43513002,0.130312163,10.61016538,1.693425798,333.872703,0,0,0,0,0,0,0,0,0,0,0,1,0
18.41265107,0.135403688,29.38324095,2.126837479,159.4860483,0,1,0,1,0,0,0,0,0,0,0,0,0
24.17690112,0.314688252,43.21421873,2.313414753,162.1433047,0,0,0,0,0,0,0,0,0,0,0,0,0
19.94803191,0.370080029,271.1298555,1.454555839,117.5594438,0,0,0,0,0,0,1,0,0,0,0,0,0
20.83101589,0.218833495,11.27279355,1.607104975,173.4673745,0,0,0,0,1,0,0,0,0,0,0,0,0
21.87659702,0.087358425,346.0574463,1.554640106,197.6725156,0,0,0,0,0,0,0,0,0,0,0,0,0
16.7217535,0.492903832,39.64250278,2.289248973,131.9512116,0,0,0,0,0,0,0,0,0,0,0,0,0
20.87211004,0.294038115,327.277564,2.377068119,225.9774449,0,0,0,0,0,1,0,1,1,0,0,1,0
22.9652557,0.070999241,18.17453447,1.870894371,286.4482081,0,0,0,0,1,0,0,0,0,0,0,0,0
16.39708813,0.184124564,42.97666056,2.153818309,230.7699881,0,0,0,0,0,0,0,0,0,0,1,0,0
21.55478226,0.243176889,36.39174515,2.74202045,148.1258096,0,0,0,0,0,0,0,0,0,0,0,0,0
22.42620228,0.117292168,26.24831927,1.443492752,154.8318022,0,1,0,0,0,0,0,0,0,0,0,0,0
24.22828597,0.223002751,0,2.226514316,207.344258,0,0,0,0,0,1,1,0,0,0,0,0,0
21.9313969,0.040777843,322.2663348,2.309824426,58.66885476,0,0,0,0,1,0,0,0,0,0,0,0,0
21.19991036,0.012272696,244.244814,2.552581585,275.31053,0,0,0,0,0,0,0,0,0,0,0,0,1
17.9730062,0.221899691,21.21570733,1.77567869,157.9155342,0,0,0,0,0,0,0,0,0,0,0,0,0
19.7811731,0.044889553,51.49544115,1.935162459,293.0468835,0,0,0,0,0,0,0,0,0,0,0,0,0
22.57033241,0.119171686,215.8644955,1.171265776,262.9868523,0,0,0,0,0,0,0,0,0,1,0,0,0
20.85226299,0.058100694,39.48019437,2.116992523,124.710183,0,0,0,1,0,0,0,0,0,1,0,1,0
22.06522189,0.146360182,44.23420778,2.675736567,358.2308167,0,0,0,0,0,0,0,0,1,0,0,0,0
19.79778557,0.175266862,18.34311605,2.371979253,178.3264946,0,1,0,0,0,0,1,0,0,0,0,0,0
20.19291068,0.19401913,40.78307403,2.409416613,189.2927004,0,0,0,0,0,0,0,0,0,0,0,0,0
21.44805508,0.320928125,0,2.083343138,217.3508118,0,0,0,0,0,1,1,0,0,0,0,0,0
20.63296215,0.213695989,11.75195982,2.105354325,40.93069961,0,1,0,0,0,0,1,0,0,0,0,0,0
20.266785,0.124811145,4.306667588,1.638524127,47.34181282,0,0,0,0,1,0,0,0,0,0,0,0,0
21.16390453,0.293468537,341.2064127,2.387259943,37.30334748,0,1,0,0,0,0,0,0,0,0,0,0,1
20.10292358,0.004681982,106.1938213,2.039045481,203.9618519,0,0,0,0,0,0,0,0,0,0,0,0,0
20.38678081,0.062394139,19.06893247,2.110410345,201.8314057,0,0,0,0,0,0,0,0,0,0,1,0,0
24.50676241,0.262687298,41.05783242,2.19763372,308.8127106,0,0,0,0,0,0,0,0,1,0,0,0,0
19.84011636,0.157995492,38.208204,2.075792405,87.87245727,0,0,0,0,0,0,0,1,0,0,0,0,0
18.65493525,0.414731731,221.4314778,1.412220971,194.3200344,0,0,0,0,0,0,1,0,0,0,1,0,0
18.63880526,0.131708279,0,1.756232008,329.8925396,0,0,0,1,0,0,0,0,0,0,0,0,0
20.71743774,0.193820213,23.90459258,2.474835908,327.4868145,0,0,1,0,0,0,0,0,1,0,0,0,0
18.91213259,0.101312143,90.81359889,1.821808967,0,0,0,0,0,0,0,0,0,0,0,0,1,1
20.12288185,0.415490801,127.7716542,1.543668031,168.4944284,0,0,0,0,0,0,0,0,1,0,0,0,0
19.15955483,0.204152781,262.0330441,2.184350127,161.8867063,0,1,0,0,0,0,0,0,0,0,0,0,0
26.17999362,0.3026465,41.09999236,1.582199748,33.08146018,0,0,0,0,0,0,0,0,0,0,1,0,0
21.79535669,0.062085469,125.0896314,1.708013774,201.2161738,0,0,0,1,0,0,0,0,0,1,0,0,0
21.46129509,0.393202072,2.99509592,1.7640005,240.0394989,0,0,0,0,1,0,0,0,0,0,0,0,0
21.9951091,0.244477792,24.92589934,2.718452577,203.7464747,0,0,0,0,0,0,0,0,0,0,0,0,0
18.69043414,0.300706376,330.6133359,2.618440575,204.5106199,0,0,0,0,0,1,0,0,1,0,0,0,0
17.45042779,0.196245859,316.3438728,1.094002485,37.62490284,0,0,0,0,0,0,0,0,0,1,0,0,1
20.02171106,0.006069938,2.217264827,1.163168744,160.4878401,0,0,0,0,0,0,0,0,0,0,0,0,0
20.6422616,0.082648939,34.77464958,2.641818651,89.82987782,0,0,0,0,0,0,0,0,0,0,0,0,0
21.27553068,0.140122285,1.41538224,1.86433878,174.1472965,0,0,0,1,0,0,0,0,0,0,0,0,0
20.98392256,0.149150875,11.00914089,1.618767873,221.7673086,0,0,0,1,0,0,0,0,0,0,0,0,1
22.36181798,0.133317435,23.44312231,2.257507157,47.18454288,0,0,0,0,0,0,0,0,0,0,0,0,0
18.61304175,0.165428139,344.3537918,1.864101027,212.0546228,0,0,0,0,0,0,0,0,1,0,0,0,0
21.80221333,0.277402838,43.3358047,2.361314625,250.697119,0,1,0,0,0,0,0,0,0,0,1,0,0
21.09756407,0.095114411,23.47466114,2.28447329,5.948324507,0,0,0,0,0,0,0,0,0,0,0,0,0
20.01792119,0.04759741,22.75450213,1.244611907,313.5486421,0,0,0,0,0,0,0,0,0,0,0,0,0
20.51548872,0.205612187,31.38013256,2.675143743,188.9852774,0,0,0,0,0,0,0,1,0,0,0,1,0
21.76580223,0.051842723,221.5394465,1.744380469,124.6040821,0,0,0,0,0,0,0,0,0,0,0,0,0
21.11320839,0.245329631,20.07176998,2.131529713,330.9653653,0,0,0,0,0,0,0,0,0,0,1,0,0
21.87372477,0.072406053,157.869704,1.941054267,239.2023465,0,0,0,0,0,0,0,0,1,0,0,0,0
17.91812422,0.276323124,340.1111731,0.755195143,189.0105408,0,1,0,0,0,0,0,0,0,0,0,0,0
21.06021145,0.153187498,181.9409343,2.061954794,273.071137,0,0,0,0,0,0,0,0,0,0,0,0,0
24.58189337,0.0679749,343.8894354,1.969884323,152.0431545,0,0,0,0,1,0,0,0,0,0,0,0,0
20.22856011,0.225850493,249.2423241,2.10714817,152.8058392,0,0,0,0,0,1,0,0,0,0,0,1,0
18.50895286,0.379800575,25.85813711,1.825459875,288.843615,0,0,0,1,0,0,0,0,0,0,0,0,0
22.69513309,0.220589553,0,1.944720608,263.0924184,0,0,0,0,0,0,0,0,0,0,0,0,0
19.4309633,0.416445947,99.19189544,1.718758116,307.2891573,0,0,0,0,0,0,0,1,0,0,0,1,0
20.70195271,0.319785295,34.18751246,1.92211102,57.51138893,0,0,1,0,0,0,0,0,0,0,0,0,0
23.1623446,0.396958952,340.2657292,2.517354319,213.1757674,0,0,0,0,0,0,0,0,1,0,0,0,0
18.98404878,0.248553262,0,1.778595889,360,0,0,0,0,0,0,0,0,0,0,1,0,0
20.13960893,0.278893591,120.492802,2.304477246,170.7846761,0,0,0,0,0,0,0,0,0,0,0,0,0
18.84605697,0.05874855,32.75169443,1.940152854,345.6900819,0,0,0,0,0,0,0,0,0,0,1,0,0
17.27363436,0.018060904,319.0100574,2.004887513,284.1973455,0,0,0,0,0,0,0,0,0,0,0,0,0
22.09892452,0.061954888,21.69338074,1.985788941,98.72648109,0,0,0,0,0,0,0,0,0,1,0,0,0
25.16988705,0.15661748,79.85735175,2.40875085,41.54172776,0,0,0,1,0,1,0,0,0,1,0,1,0
22.28884792,-0.006689753,14.77915774,2.014889265,220.698657,0,0,0,0,0,0,0,0,0,0,0,0,0
25.12041308,-0.00063455,26.85234194,2.13099535,128.4444598,0,0,0,0,0,0,0,0,0,0,0,0,0
19.98101726,-0.005881852,0,2.165579836,31.0639964,0,0,0,0,0,0,0,0,0,0,0,0,0
24.77067681,0.100641317,45.98668071,2.63462137,144.7348089,0,0,0,0,0,0,0,0,0,0,0,0,0
23.4956062,0.179780471,44.63156269,2.249926857,185.131272,0,0,0,0,0,0,0,0,0,0,0,0,0
17.3668225,0.119615273,73.35963464,2.361705374,50.04648908,0,0,1,0,0,0,0,0,0,0,0,0,0
18.64201092,0.100653326,360,2.112753315,254.0142494,0,0,0,1,0,0,0,0,0,0,0,0,0
20.88598439,0.308391776,66.55954221,2.487968774,188.3484621,0,0,0,0,0,0,0,0,0,0,0,0,0
20.85097181,0.349471716,24.54263445,1.875627504,150.2709996,0,0,0,0,0,0,0,0,0,0,0,0,0
19.19410857,0.1481965,105.1550387,2.215434022,339.4931708,0,0,0,0,0,0,0,0,0,0,0,0,0
17.6968494,0.070012959,360,1.710023619,288.6116978,0,0,0,0,1,0,0,0,0,0,0,0,0
20.81343764,0.239537563,33.13733131,1.905310028,170.183481,0,0,0,0,0,0,0,0,1,0,0,0,0
23.19630045,0.069106777,30.35478637,1.933289885,326.7825527,0,0,0,0,0,0,0,0,0,0,0,0,0
21.53099881,0.034542296,12.03904854,2.142786775,187.3025888,0,0,0,0,0,0,0,0,0,0,0,0,1
22.66454546,0.070900403,256.3855975,2.571522311,228.5982054,0,0,0,0,0,0,0,1,0,0,0,0,0
17.86967096,0.186418868,66.75285369,1.66773169,326.5277136,0,0,0,0,0,0,0,0,0,0,1,0,0
20.68895842,0.135359503,24.03330304,2.263087279,343.615488,0,0,0,0,0,0,0,0,0,0,0,0,0
22.92039288,0.145245967,328.551321,1.99301932,246.6595155,0,0,0,0,0,0,0,0,0,0,0,0,0
22.52863873,0.428201668,67.62054999,1.473413693,196.0941916,0,0,0,1,0,0,0,0,0,1,0,0,0
22.66405064,0.089001646,17.00924932,1.671689224,128.5498964,0,0,0,1,0,0,0,0,0,0,0,0,0
20.23434283,-0.000863926,360,0.857906602,208.1458766,0,0,0,0,1,0,0,1,0,0,0,1,0
19.71978526,0.0531695,251.4196844,2.384275469,183.112121,0,1,0,1,0,0,0,0,0,1,0,0,0
19.94038634,0.070228098,360,2.583050684,349.6986588,0,0,0,0,0,1,0,0,0,0,0,0,0
20.24835702,0.158643318,14.87365274,1.740546431,173.7354668,0,0,0,0,0,0,0,1,0,0,0,0,0
20.49722846,0.134915875,31.32020367,1.899200564,190.3372247,0,0,0,0,1,0,0,0,0,0,0,0,0
20.68970999,0.097227523,35.60379817,2.178652688,237.4619937,0,0,1,0,0,0,0,0,0,1,0,0,0
18.98483044,0.055129298,23.0171638,1.384733979,204.5869387,0,0,0,0,0,0,0,0,0,0,0,0,0
22.49177739,0.125083906,100.3116455,1.755348632,191.4520812,0,0,1,0,0,0,0,0,0,0,0,0,0
23.17641188,0.117544506,30.45086744,1.411318489,147.82411,0,0,0,0,0,1,0,0,1,0,0,0,0
20.19248741,0.093001439,174.8563533,1.45829527,173.9211413,0,0,0,0,0,0,0,0,0,0,0,0,0
22.56086565,0.055980754,171.0262088,1.210974675,57.19482539,0,0,0,0,0,0,0,0,0,1,0,0,0
21.9986862,0.074828804,27.39690807,1.89225295,146.3051001,0,0,0,0,0,0,0,0,1,0,0,1,0
19.78968892,0.285797463,44.94629168,1.710779246,18.12733389,0,0,0,0,0,0,0,0,0,0,0,0,0
18.33630352,0.113587478,360,1.868696539,166.2900046,0,0,0,0,0,0,0,0,0,0,0,0,0
22.28156549,0.269725755,16.78658395,1.336708966,360,0,0,0,0,0,0,0,0,0,0,0,0,0
20.18621844,0.171244969,157.7398132,2.000262973,151.1218358,0,0,0,0,0,0,1,0,0,0,0,0,0
18.61687892,0.182293612,22.38313752,1.422224042,296.0055977,0,0,0,0,0,0,0,1,0,0,0,1,0
18.52940236,0.01445675,32.10572188,2.424826783,201.8734922,0,0,0,0,0,0,0,0,0,0,0,0,0
23.68958403,0.09291028,259.7233371,1.289186053,232.9145394,0,1,0,0,0,0,0,0,0,0,0,0,1
20.13014196,0.117374712,157.7717237,2.180646317,225.8535444,0,0,0,0,1,0,0,0,0,0,0,0,0
21.36842958,0.227296927,115.3615582,2.257436962,16.07863794,0,0,0,0,0,0,1,0,0,0,1,0,0
18.00099532,0.317084492,3.474244306,2.458688432,165.4765689,0,0,0,0,0,0,0,0,0,0,0,0,0
21.05231877,0.450469485,241.0411145,2.723525383,124.8568412,0,0,0,0,0,0,0,0,0,0,0,0,0
23.57585377,0.083948292,34.13583275,1.820072831,110.1388336,0,0,0,0,0,0,0,0,0,0,0,0,0
20.29891196,0.111896951,205.5711382,2.317314787,36.95448667,0,0,0,0,0,0,0,0,0,0,0,0,0
22.25452448,0.007318443,116.9887097,1.870487466,194.5058611,0,0,1,0,0,0,0,0,0,1,0,1,0
20.19795519,0.24323905,23.78305374,1.755641446,174.9293904,0,0,1,0,0,0,0,0,0,0,0,0,0
21.59118639,0.266921082,12.61238403,2.235518366,148.4678685,0,0,0,0,1,0,0,0,0,0,0,1,0
24.95717604,0.156138676,253.0323071,2.587197285,160.1939848,0,0,0,0,0,0,1,0,0,0,1,0,0
20.98445173,0.036937332,94.94482348,1.754615917,207.5184947,0,1,1,0,0,0,0,0,0,0,0,0,0
21.5319577,0.225519048,108.9172119,2.536634172,113.1639863,0,0,0,0,0,0,0,0,0,0,0,0,0
22.69236944,0.031758687,231.5731822,1.916976042,313.0144017,0,0,0,0,0,0,0,0,0,0,0,0,0
22.52625212,0.058540776,284.0748766,2.462995462,201.7578508,0,1,0,0,0,0,0,0,0,0,0,0,0
20.02896475,0.356309731,47.77571119,2.347753216,7.103902789,0,0,0,0,0,0,0,1,0,0,0,0,0
21.20895304,0.204883444,331.3911509,2.493530458,49.08602786,0,0,0,0,0,0,0,0,0,0,0,0,0
20.20989583,0.030450503,265.0931457,1.603590486,178.7779117,0,0,0,0,0,0,0,1,0,0,0,0,0
18.49059905,0.205501563,85.62650445,1.91876655,309.5316121,0,0,0,0,0,0,0,0,0,1,0,0,0
23.30634273,0.314257882,27.23008618,2.79392155,215.5784996,0,0,0,0,0,0,0,0,0,0,0,0,0
24.65421929,0.09401864,348.9511412,2.490021933,3.709230115,0,0,0,0,0,0,0,1,0,0,0,1,0
18.73323501,0.17806133,357.3844802,1.568642679,231.5585091,0,0,0,0,0,0,0,0,0,0,0,0,1
19.0224669,0.116149928,22.67251677,2.501203334,179.9987677,0,0,0,0,0,0,0,0,0,0,0,0,0
13.63829365,0.104427331,360,1.795600173,218.5510797,0,0,0,0,0,0,0,0,0,0,0,0,0
18.10365855,0.150414708,28.11225661,2.304181383,204.9385792,0,0,0,0,1,0,0,0,0,0,0,0,0
22.94614863,0.228647511,181.3417971,1.664674831,44.2027225,0,0,0,0,0,0,0,0,0,0,0,0,0
17.59275031,0.197708398,265.9395468,1.582012038,35.29920246,0,0,0,0,0,0,0,0,0,0,0,0,0
20.95505695,0.308216197,0,1.382738066,177.9721177,0,0,0,0,0,0,0,0,0,0,0,0,0
19.34819284,0.214693075,17.30888922,1.323204592,247.5364304,0,0,0,1,0,0,0,0,0,0,0,0,0
17.36739257,0.270834344,137.8544218,1.886308222,0,0,0,0,0,0,0,1,0,0,0,0,0,0
24.4115009,0.046941806,208.0438224,1.703238768,297.643949,0,0,0,0,0,0,0,0,0,0,0,0,0
17.97187031,0.380259406,0,2.300880274,32.08173812,0,0,0,1,0,0,0,0,0,0,0,0,0
21.13160807,0.025064972,94.46681679,1.728629724,197.315865,0,0,0,0,0,0,0,0,0,0,0,0,0
21.50058413,-0.002750356,30.60740539,2.157860531,195.350841,0,0,0,0,0,0,0,0,0,0,0,0,0
14.7373732,0.156163729,4.174914641,1.561914238,360,0,1,0,0,1,0,0,0,0,0,0,0,1
25.10805687,0.180177315,360,1.806240688,9.698385177,0,0,0,0,0,0,0,0,0,0,1,0,0
22.92570083,0.095912884,22.33268525,2.121526175,197.6593138,0,0,0,0,0,0,0,0,0,0,0,1,0
21.60086709,0.406179378,63.51246346,2.020635703,18.71769647,0,0,0,0,0,0,0,0,0,0,0,0,0
23.17312334,0.052809277,195.2666213,1.017780286,29.29879533,0,1,0,0,0,0,0,0,1,0,0,0,1
18.02183442,0.174251024,216.0881415,2.318763403,286.9937136,0,0,0,0,0,0,0,0,0,0,0,0,1
25.25322413,0.191465681,72.67858023,2.484587692,339.5381542,0,0,0,0,0,0,1,0,0,0,1,0,0
23.11682261,0.107661518,21.52551706,1.748028789,111.4304305,0,0,0,0,0,1,0,0,0,0,0,0,1
20.53238019,0.144808463,35.87651271,1.225891605,29.26873419,0,0,0,0,0,0,0,1,0,0,0,0,0
20.6099342,0.215297315,360,1.712717519,101.1685858,0,0,0,0,0,0,0,0,0,0,0,0,0
20.9353672,0.144392878,138.8709999,2.096121742,360,0,0,0,1,0,0,0,0,0,0,0,0,0
13.80899168,0.208165281,360,1.704675675,203.9713153,0,0,0,0,0,0,0,0,0,1,1,0,0
20.73920023,0.007805153,352.584838,1.709874304,50.75321866,0,0,0,0,0,0,0,0,0,0,0,0,0
20.40517036,0.261718315,110.786922,2.113605812,243.8032214,0,0,0,0,0,0,0,0,0,0,0,1,0
21.56888946,0.367056234,68.21924849,2.233343328,114.3212608,0,1,0,0,0,0,1,0,0,0,0,0,1
19.21188708,0.026292398,339.0347861,2.086410649,206.6245716,0,0,0,0,0,0,0,0,0,0,0,1,0
22.87127616,0.183941257,25.83856504,2.33196066,35.27844449,0,0,0,0,0,0,1,0,0,0,0,0,0
18.91464467,0.213124177,299.3878451,1.985846493,227.6937895,0,0,0,0,0,0,0,0,0,0,0,0,0
17.05710836,0.029812836,34.01649842,1.863617546,286.4582788,0,0,0,0,0,0,1,0,0,0,0,0,0
20.34858665,0.122190813,36.46466947,1.308931314,155.8919263,0,0,0,0,0,0,0,0,0,0,0,0,0
19.55183791,0.095110718,23.64589653,1.849540856,141.1029077,0,0,0,0,0,1,0,1,1,0,0,1,0
24.10933467,0.189856808,360,1.715274007,0,0,0,0,0,0,1,0,0,0,0,0,0,1
19.22014402,0.177949208,20.68183277,2.175331833,161.8441668,0,0,0,0,0,0,0,0,0,0,0,0,0
23.4909156,0.09217542,28.62446529,2.298648343,354.7687889,0,1,0,1,0,0,0,0,0,0,0,0,0
23.8416883,0.129910386,181.0810746,2.538308586,214.282481,0,0,0,1,0,0,1,0,0,0,0,0,0
18.02518609,0.014066449,36.71149761,1.601075411,282.6747764,0,0,0,0,0,0,0,0,0,0,0,0,1
17.85988978,0.050556154,38.35188618,2.003580336,199.2285017,0,0,0,0,0,0,0,0,0,0,0,0,0
19.77374432,0.174174738,24.32590305,2.267001644,210.5682362,0,0,0,0,0,0,0,1,0,0,0,1,0
24.16777235,0.209537605,40.16112118,2.656927716,94.07555791,0,0,0,0,0,0,0,0,0,0,0,0,1
21.80553166,0.145197585,52.75027308,1.289342061,181.6975571,0,0,0,0,0,0,0,0,0,1,0,0,0
20.35035915,0.116565348,56.46630562,1.819298128,360,0,0,0,0,1,0,0,0,1,0,0,0,0
22.2391525,0.231672509,74.87243252,1.496840984,113.138054,0,0,0,0,0,0,0,0,0,0,0,0,0
19.82475586,0.268212587,222.6545701,2.464977237,216.7296199,0,1,1,1,0,0,0,0,0,0,0,0,0
23.17795437,0.215778301,13.76384429,2.393837259,245.8907772,0,0,0,0,1,0,0,0,0,0,0,0,0
19.58980602,0.28030152,45.13979902,1.995167982,133.4963252,0,0,0,0,0,0,0,0,0,0,0,0,0
22.83100143,0.134994263,84.55520535,1.45350085,144.0904209,0,0,0,0,0,0,0,0,0,0,0,0,0
22.83207197,0.101416242,140.9422798,2.191189736,360,0,0,1,0,0,0,0,0,0,0,0,0,0
20.67538109,0.115292757,262.6244599,1.925482024,100.743398,0,0,0,0,0,0,0,0,0,0,0,0,0
20.79875768,0.179048641,321.575078,2.275969511,103.5749466,0,0,0,0,1,0,1,0,0,0,0,0,0
20.16409472,0.172487587,325.9913314,1.6311608,307.1279022,0,0,0,0,0,0,0,0,0,0,0,0,0
22.98383948,0.142325465,30.1751598,1.302648197,223.2987438,0,0,0,0,0,0,0,0,0,0,1,1,0
22.79250883,0.188766989,10.92272379,2.123301246,201.4002369,0,0,0,0,0,0,1,0,0,0,0,0,1
21.73417337,0.119921703,337.752094,2.083284185,170.2231279,0,0,0,0,0,0,0,0,0,0,0,0,0
19.9538365,0.127823568,307.5814076,2.136534924,197.7853532,0,0,0,0,0,0,0,0,0,0,0,1,0
19.76853428,0.02362035,43.30695017,1.050072443,93.28640816,0,0,0,0,0,0,0,0,0,1,0,0,0
24.124851,0.02656801,360,2.701037042,360,0,1,0,0,0,0,0,0,0,0,0,0,0
19.04309083,0.413552735,26.08293602,2.138426221,260.08666,0,0,0,1,0,0,0,0,0,0,0,0,0
19.6354267,0.421616624,146.4689355,1.949868425,194.2365645,0,0,0,0,0,1,0,0,0,0,0,0,0
19.13138171,0.119989563,193.942001,2.349042058,186.2407913,0,0,0,0,0,0,0,0,0,0,0,0,0
